scenario,size,run,msg_id,room_id,sender_id,target_lang,displayed_view,encrypt_ms,cipher_bytes,decrypt_ms,relay_ms,translate_ms,total_e2e_ms,decrypt_ok,translate_ok
baseline,large,run01,1772742832093_ac0247754acb08,H0neouChZmMR-i-ObNOXEN2m,anon_6dPVGG9phjcdVt2BR8J_vQ,en,original,0.0,2008.0,0.0,4.0,,4.0,True,
baseline,large,run01,1772742833916_0e9ca0cd3c1908,H0neouChZmMR-i-ObNOXEN2m,anon_6dPVGG9phjcdVt2BR8J_vQ,en,original,0.0,2008.0,0.0,5.0,,5.0,True,
baseline,large,run01,1772742835867_621a3ca490601,H0neouChZmMR-i-ObNOXEN2m,anon_6dPVGG9phjcdVt2BR8J_vQ,en,original,0.0,2008.0,0.0,4.0,,4.0,True,
baseline,large,run01,1772742837671_4dcb550511c418,H0neouChZmMR-i-ObNOXEN2m,anon_6dPVGG9phjcdVt2BR8J_vQ,en,original,0.0,2008.0,0.0,3.0,,3.0,True,
baseline,large,run01,1772742840616_28262a5370867,H0neouChZmMR-i-ObNOXEN2m,anon_6dPVGG9phjcdVt2BR8J_vQ,en,original,0.0,2008.0,0.0,4.0,,4.0,True,
baseline,large,run01,1772742842799_9866dd10f81,H0neouChZmMR-i-ObNOXEN2m,anon_6dPVGG9phjcdVt2BR8J_vQ,en,original,0.0,2008.0,0.0,3.0,,3.0,True,
baseline,large,run01,1772742844679_97ef3643f65248,H0neouChZmMR-i-ObNOXEN2m,anon_6dPVGG9phjcdVt2BR8J_vQ,en,original,0.0,2008.0,0.0,5.0,,5.0,True,
baseline,large,run01,1772742846635_a52da61d5f6ef,H0neouChZmMR-i-ObNOXEN2m,anon_6dPVGG9phjcdVt2BR8J_vQ,en,original,0.0,2008.0,0.0,5.0,,7.0,True,
baseline,large,run01,1772742848508_19fb201652ebc8,H0neouChZmMR-i-ObNOXEN2m,anon_6dPVGG9phjcdVt2BR8J_vQ,en,original,0.0,2008.0,0.0,3.0,,3.0,True,
baseline,large,run01,1772742850878_ff176473fec6e,H0neouChZmMR-i-ObNOXEN2m,anon_6dPVGG9phjcdVt2BR8J_vQ,en,original,0.0,2008.0,0.0,3.0,,5.0,True,
baseline,large,run02,1772742961111_94e74922a9ffc8,A0Nlow0MsinjjspgoP7cNkcW,anon_6dPVGG9phjcdVt2BR8J_vQ,en,original,0.0,2008.0,0.0,8.0,,9.0,True,
baseline,large,run02,1772742962732_1a1f598bd7a688,A0Nlow0MsinjjspgoP7cNkcW,anon_6dPVGG9phjcdVt2BR8J_vQ,en,original,0.0,2008.0,0.0,4.0,,4.0,True,
baseline,large,run02,1772742964696_86397dea7f7458,A0Nlow0MsinjjspgoP7cNkcW,anon_6dPVGG9phjcdVt2BR8J_vQ,en,original,0.0,2008.0,0.0,3.0,,4.0,True,
baseline,large,run02,1772742966320_2cceee6c3aced8,A0Nlow0MsinjjspgoP7cNkcW,anon_6dPVGG9phjcdVt2BR8J_vQ,en,original,0.0,2008.0,0.0,3.0,,3.0,True,
baseline,large,run02,1772742968087_189622c363c798,A0Nlow0MsinjjspgoP7cNkcW,anon_6dPVGG9phjcdVt2BR8J_vQ,en,original,0.0,2008.0,0.0,3.0,,3.0,True,
baseline,large,run02,1772742969842_bea18121d20e58,A0Nlow0MsinjjspgoP7cNkcW,anon_6dPVGG9phjcdVt2BR8J_vQ,en,original,0.0,2008.0,0.0,3.0,,4.0,True,
baseline,large,run02,1772742971522_9ff49c1dae4ab,A0Nlow0MsinjjspgoP7cNkcW,anon_6dPVGG9phjcdVt2BR8J_vQ,en,original,0.0,2008.0,0.0,3.0,,3.0,True,
baseline,large,run02,1772742973394_5b5dbef44c139,A0Nlow0MsinjjspgoP7cNkcW,anon_6dPVGG9phjcdVt2BR8J_vQ,en,original,0.0,2008.0,0.0,5.0,,5.0,True,
baseline,large,run02,1772742976116_e98a26ef0cd248,A0Nlow0MsinjjspgoP7cNkcW,anon_6dPVGG9phjcdVt2BR8J_vQ,en,original,0.0,2008.0,0.0,4.0,,5.0,True,
baseline,large,run02,1772742978308_a9f7e3944000e8,A0Nlow0MsinjjspgoP7cNkcW,anon_6dPVGG9phjcdVt2BR8J_vQ,en,original,0.0,2008.0,0.0,3.0,,3.0,True,
baseline,large,run03,1772744393546_5203d4c516dd5,WwK25Ow7zzcQUuhLIgAz9gnI,anon_fwW6XRKVm-TtKzZoH625Gg,en,original,0.0,2008.0,0.0,9.0,,10.0,True,
baseline,large,run03,1772744396809_84e35c45bba3c8,WwK25Ow7zzcQUuhLIgAz9gnI,anon_fwW6XRKVm-TtKzZoH625Gg,en,original,0.0,2008.0,0.0,6.0,,7.0,True,
baseline,large,run03,1772744398554_4ee0cc765213d8,WwK25Ow7zzcQUuhLIgAz9gnI,anon_fwW6XRKVm-TtKzZoH625Gg,en,original,0.0,2008.0,0.0,3.0,,3.0,True,
baseline,large,run03,1772744400348_8d9034e85d3d18,WwK25Ow7zzcQUuhLIgAz9gnI,anon_fwW6XRKVm-TtKzZoH625Gg,en,original,0.0,2008.0,0.0,4.0,,4.0,True,
baseline,large,run03,1772744402179_213d1b236e0b8,WwK25Ow7zzcQUuhLIgAz9gnI,anon_fwW6XRKVm-TtKzZoH625Gg,en,original,0.0,2008.0,0.0,5.0,,5.0,True,
baseline,large,run03,1772744403937_2af249cff7acd,WwK25Ow7zzcQUuhLIgAz9gnI,anon_fwW6XRKVm-TtKzZoH625Gg,en,original,0.0,2008.0,0.0,4.0,,4.0,True,
baseline,large,run03,1772744405622_ffa4d84d1d4cc,WwK25Ow7zzcQUuhLIgAz9gnI,anon_fwW6XRKVm-TtKzZoH625Gg,en,original,0.0,2008.0,0.0,4.0,,4.0,True,
baseline,large,run03,1772744407295_226a0fc2d34678,WwK25Ow7zzcQUuhLIgAz9gnI,anon_fwW6XRKVm-TtKzZoH625Gg,en,original,0.0,2008.0,0.0,3.0,,3.0,True,
baseline,large,run03,1772744409407_5eb1352a15e0e8,WwK25Ow7zzcQUuhLIgAz9gnI,anon_fwW6XRKVm-TtKzZoH625Gg,en,original,0.0,2008.0,0.0,3.0,,3.0,True,
baseline,large,run03,1772744412448_f56ead957a2d7,WwK25Ow7zzcQUuhLIgAz9gnI,anon_fwW6XRKVm-TtKzZoH625Gg,en,original,0.0,2008.0,0.0,4.0,,5.0,True,
baseline,large,run04,1772744480588_7ce450ef7a623,4S8EMxM_dux4baHPxYCixK-c,anon_fwW6XRKVm-TtKzZoH625Gg,en,original,0.0,2008.0,0.0,3.0,,3.0,True,
baseline,large,run04,1772744482071_6a9043858abb2,4S8EMxM_dux4baHPxYCixK-c,anon_fwW6XRKVm-TtKzZoH625Gg,en,original,0.0,2008.0,0.0,4.0,,4.0,True,
baseline,large,run04,1772744484455_47744804605a38,4S8EMxM_dux4baHPxYCixK-c,anon_fwW6XRKVm-TtKzZoH625Gg,en,original,0.0,2008.0,0.0,3.0,,3.0,True,
baseline,large,run04,1772744486845_101e471d7fbe78,4S8EMxM_dux4baHPxYCixK-c,anon_fwW6XRKVm-TtKzZoH625Gg,en,original,0.0,2008.0,0.0,4.0,,4.0,True,
baseline,large,run04,1772744488782_5346ce32b99bb,4S8EMxM_dux4baHPxYCixK-c,anon_fwW6XRKVm-TtKzZoH625Gg,en,original,0.0,2008.0,0.0,3.0,,3.0,True,
baseline,large,run04,1772744490751_a360eb7c10937,4S8EMxM_dux4baHPxYCixK-c,anon_fwW6XRKVm-TtKzZoH625Gg,en,original,0.0,2008.0,0.0,3.0,,3.0,True,
baseline,large,run04,1772744492486_103d7fcf86379,4S8EMxM_dux4baHPxYCixK-c,anon_fwW6XRKVm-TtKzZoH625Gg,en,original,0.0,2008.0,0.0,4.0,,4.0,True,
baseline,large,run04,1772744494278_3f92630e7acbb,4S8EMxM_dux4baHPxYCixK-c,anon_fwW6XRKVm-TtKzZoH625Gg,en,original,0.0,2008.0,0.0,3.0,,4.0,True,
baseline,large,run04,1772744496133_261d0490d53b28,4S8EMxM_dux4baHPxYCixK-c,anon_fwW6XRKVm-TtKzZoH625Gg,en,original,0.0,2008.0,0.0,3.0,,4.0,True,
baseline,large,run04,1772744498252_aaae247763c778,4S8EMxM_dux4baHPxYCixK-c,anon_fwW6XRKVm-TtKzZoH625Gg,en,original,0.0,2008.0,0.0,4.0,,4.0,True,
baseline,large,run05,1772744549456_44b55418874c7,zlVCpOyxvuKBiZqrYs1DgN0Z,anon_fwW6XRKVm-TtKzZoH625Gg,en,original,0.0,2008.0,0.0,4.0,,4.0,True,
baseline,large,run05,1772744551765_5a2cad3e2874d8,zlVCpOyxvuKBiZqrYs1DgN0Z,anon_fwW6XRKVm-TtKzZoH625Gg,en,original,0.0,2008.0,0.0,4.0,,4.0,True,
baseline,large,run05,1772744553260_4eefae9be917,zlVCpOyxvuKBiZqrYs1DgN0Z,anon_fwW6XRKVm-TtKzZoH625Gg,en,original,0.0,2008.0,0.0,3.0,,3.0,True,
baseline,large,run05,1772744554893_e779c2e8758a08,zlVCpOyxvuKBiZqrYs1DgN0Z,anon_fwW6XRKVm-TtKzZoH625Gg,en,original,0.0,2008.0,0.0,3.0,,4.0,True,
baseline,large,run05,1772744556654_f2030d0ec36848,zlVCpOyxvuKBiZqrYs1DgN0Z,anon_fwW6XRKVm-TtKzZoH625Gg,en,original,0.0,2008.0,0.0,4.0,,4.0,True,
baseline,large,run05,1772744558366_92d0ba6c248a1,zlVCpOyxvuKBiZqrYs1DgN0Z,anon_fwW6XRKVm-TtKzZoH625Gg,en,original,0.0,2008.0,0.0,4.0,,5.0,True,
baseline,large,run05,1772744559943_1c23379fef5fd,zlVCpOyxvuKBiZqrYs1DgN0Z,anon_fwW6XRKVm-TtKzZoH625Gg,en,original,0.0,2008.0,0.0,3.0,,3.0,True,
baseline,large,run05,1772744561570_21264a47b305f,zlVCpOyxvuKBiZqrYs1DgN0Z,anon_fwW6XRKVm-TtKzZoH625Gg,en,original,0.0,2008.0,0.0,3.0,,3.0,True,
baseline,large,run05,1772744563363_1c0e73d685a9f8,zlVCpOyxvuKBiZqrYs1DgN0Z,anon_fwW6XRKVm-TtKzZoH625Gg,en,original,0.0,2008.0,0.0,4.0,,4.0,True,
baseline,large,run05,1772744565225_3249998433f858,zlVCpOyxvuKBiZqrYs1DgN0Z,anon_fwW6XRKVm-TtKzZoH625Gg,en,original,0.0,2008.0,0.0,3.0,,3.0,True,
baseline,medium,run01,1772742362146_24aa902f414518,tvEsOa209CEvKBrgtjymqD4Y,anon_6dPVGG9phjcdVt2BR8J_vQ,en,original,0.0,239.0,0.0,3.0,,4.0,True,
baseline,medium,run01,1772742363611_ee5fbe9c60af9,tvEsOa209CEvKBrgtjymqD4Y,anon_6dPVGG9phjcdVt2BR8J_vQ,en,original,0.0,239.0,0.0,4.0,,4.0,True,
baseline,medium,run01,1772742365412_d1936595bf604,tvEsOa209CEvKBrgtjymqD4Y,anon_6dPVGG9phjcdVt2BR8J_vQ,en,original,0.0,239.0,0.0,6.0,,6.0,True,
baseline,medium,run01,1772742367251_9e2b4924e656e8,tvEsOa209CEvKBrgtjymqD4Y,anon_6dPVGG9phjcdVt2BR8J_vQ,en,original,0.0,239.0,0.0,3.0,,3.0,True,
baseline,medium,run01,1772742369138_65d2f2feee8ac,tvEsOa209CEvKBrgtjymqD4Y,anon_6dPVGG9phjcdVt2BR8J_vQ,en,original,0.0,239.0,0.0,3.0,,3.0,True,
baseline,medium,run01,1772742370989_ef6121892d6b5,tvEsOa209CEvKBrgtjymqD4Y,anon_6dPVGG9phjcdVt2BR8J_vQ,en,original,0.0,239.0,0.0,4.0,,4.0,True,
baseline,medium,run01,1772742372808_b5701076e7cba8,tvEsOa209CEvKBrgtjymqD4Y,anon_6dPVGG9phjcdVt2BR8J_vQ,en,original,0.0,239.0,0.0,3.0,,4.0,True,
baseline,medium,run01,1772742374718_2ac2805ebe1e4,tvEsOa209CEvKBrgtjymqD4Y,anon_6dPVGG9phjcdVt2BR8J_vQ,en,original,0.0,239.0,0.0,5.0,,5.0,True,
baseline,medium,run01,1772742376695_625e5b3332c008,tvEsOa209CEvKBrgtjymqD4Y,anon_6dPVGG9phjcdVt2BR8J_vQ,en,original,0.0,239.0,0.0,4.0,,4.0,True,
baseline,medium,run01,1772742379128_a152fb834657f,tvEsOa209CEvKBrgtjymqD4Y,anon_6dPVGG9phjcdVt2BR8J_vQ,en,original,0.0,239.0,0.0,4.0,,4.0,True,
baseline,medium,run02,1772742442861_dd6f91529e4a08,4hxwRXcMRhfrpTY9GRWLZRtS,anon_6dPVGG9phjcdVt2BR8J_vQ,en,original,0.0,239.0,0.0,2.0,,2.0,True,
baseline,medium,run02,1772742444338_1522a050d369f8,4hxwRXcMRhfrpTY9GRWLZRtS,anon_6dPVGG9phjcdVt2BR8J_vQ,en,original,0.0,239.0,0.0,4.0,,4.0,True,
baseline,medium,run02,1772742446066_67e3e0ccfa237,4hxwRXcMRhfrpTY9GRWLZRtS,anon_6dPVGG9phjcdVt2BR8J_vQ,en,original,0.0,239.0,0.0,1.0,,1.0,True,
baseline,medium,run02,1772742448128_d47483535ed218,4hxwRXcMRhfrpTY9GRWLZRtS,anon_6dPVGG9phjcdVt2BR8J_vQ,en,original,0.0,239.0,0.0,5.0,,5.0,True,
baseline,medium,run02,1772742450606_1c0f65f2f22b28,4hxwRXcMRhfrpTY9GRWLZRtS,anon_6dPVGG9phjcdVt2BR8J_vQ,en,original,0.0,239.0,0.0,3.0,,3.0,True,
baseline,medium,run02,1772742454534_22404ff5d5741,4hxwRXcMRhfrpTY9GRWLZRtS,anon_6dPVGG9phjcdVt2BR8J_vQ,en,original,0.0,239.0,0.0,2.0,,2.0,True,
baseline,medium,run02,1772742456356_e11b8a004e346,4hxwRXcMRhfrpTY9GRWLZRtS,anon_6dPVGG9phjcdVt2BR8J_vQ,en,original,0.0,239.0,0.0,3.0,,3.0,True,
baseline,medium,run02,1772742458103_4b9b83dd24eb18,4hxwRXcMRhfrpTY9GRWLZRtS,anon_6dPVGG9phjcdVt2BR8J_vQ,en,original,0.0,239.0,0.0,4.0,,4.0,True,
baseline,medium,run02,1772742460192_9fb3a81eb47b2,4hxwRXcMRhfrpTY9GRWLZRtS,anon_6dPVGG9phjcdVt2BR8J_vQ,en,original,0.0,239.0,0.0,5.0,,5.0,True,
baseline,medium,run02,1772742462588_575bbbd159408,4hxwRXcMRhfrpTY9GRWLZRtS,anon_6dPVGG9phjcdVt2BR8J_vQ,en,original,0.0,239.0,0.0,3.0,,3.0,True,
baseline,medium,run03,1772742517836_091682f93c14f,k44NwR0_Ykv22LAddEvbvyEw,anon_6dPVGG9phjcdVt2BR8J_vQ,en,original,0.0,239.0,0.0,4.0,,4.0,True,
baseline,medium,run03,1772742519193_bfe3d994995ba,k44NwR0_Ykv22LAddEvbvyEw,anon_6dPVGG9phjcdVt2BR8J_vQ,en,original,0.0,239.0,0.0,4.0,,4.0,True,
baseline,medium,run03,1772742521888_f18e28e2ab5a58,k44NwR0_Ykv22LAddEvbvyEw,anon_6dPVGG9phjcdVt2BR8J_vQ,en,original,0.0,239.0,0.0,3.0,,3.0,True,
baseline,medium,run03,1772742523772_b166dd5f320108,k44NwR0_Ykv22LAddEvbvyEw,anon_6dPVGG9phjcdVt2BR8J_vQ,en,original,0.0,239.0,0.0,3.0,,3.0,True,
baseline,medium,run03,1772742528508_4a3c322bf51228,k44NwR0_Ykv22LAddEvbvyEw,anon_6dPVGG9phjcdVt2BR8J_vQ,en,original,0.0,239.0,0.0,3.0,,4.0,True,
baseline,medium,run03,1772742530827_47df0fae18fd88,k44NwR0_Ykv22LAddEvbvyEw,anon_6dPVGG9phjcdVt2BR8J_vQ,en,original,0.0,239.0,0.0,3.0,,4.0,True,
baseline,medium,run03,1772742533076_6f6fe86db1cee,k44NwR0_Ykv22LAddEvbvyEw,anon_6dPVGG9phjcdVt2BR8J_vQ,en,original,0.0,239.0,0.0,5.0,,5.0,True,
baseline,medium,run03,1772742534987_82623d95b53308,k44NwR0_Ykv22LAddEvbvyEw,anon_6dPVGG9phjcdVt2BR8J_vQ,en,original,0.0,239.0,0.0,6.0,,6.0,True,
baseline,medium,run03,1772742536955_bbcd264f05cb08,k44NwR0_Ykv22LAddEvbvyEw,anon_6dPVGG9phjcdVt2BR8J_vQ,en,original,0.0,239.0,0.0,3.0,,3.0,True,
baseline,medium,run03,1772742539349_4d6edb7f3f079,k44NwR0_Ykv22LAddEvbvyEw,anon_6dPVGG9phjcdVt2BR8J_vQ,en,original,0.0,239.0,0.0,4.0,,4.0,True,
baseline,medium,run04,1772742607553_68a84552099ff8,Q2Vi6JxW_hXi5MTs5MO1DOPv,anon_6dPVGG9phjcdVt2BR8J_vQ,en,original,0.0,239.0,0.0,4.0,,4.0,True,
baseline,medium,run04,1772742609044_ff3912c6ec75f,Q2Vi6JxW_hXi5MTs5MO1DOPv,anon_6dPVGG9phjcdVt2BR8J_vQ,en,original,0.0,239.0,0.0,4.0,,4.0,True,
baseline,medium,run04,1772742611989_1c838c9ea3d1d,Q2Vi6JxW_hXi5MTs5MO1DOPv,anon_6dPVGG9phjcdVt2BR8J_vQ,en,original,0.0,239.0,0.0,2.0,,2.0,True,
baseline,medium,run04,1772742613993_774dff7548a2b8,Q2Vi6JxW_hXi5MTs5MO1DOPv,anon_6dPVGG9phjcdVt2BR8J_vQ,en,original,0.0,239.0,0.0,3.0,,3.0,True,
baseline,medium,run04,1772742618255_3751115b2195b8,Q2Vi6JxW_hXi5MTs5MO1DOPv,anon_6dPVGG9phjcdVt2BR8J_vQ,en,original,0.0,239.0,0.0,3.0,,3.0,True,
baseline,medium,run04,1772742623321_088d6dd592137,Q2Vi6JxW_hXi5MTs5MO1DOPv,anon_6dPVGG9phjcdVt2BR8J_vQ,en,original,0.0,239.0,0.0,2.0,,3.0,True,
baseline,medium,run04,1772742627415_2e34fbb2fccd88,Q2Vi6JxW_hXi5MTs5MO1DOPv,anon_6dPVGG9phjcdVt2BR8J_vQ,en,original,0.0,239.0,0.0,5.0,,5.0,True,
baseline,medium,run04,1772742630088_2e932d4eb41718,Q2Vi6JxW_hXi5MTs5MO1DOPv,anon_6dPVGG9phjcdVt2BR8J_vQ,en,original,0.0,239.0,0.0,3.0,,3.0,True,
baseline,medium,run04,1772742635158_8666d267a70518,Q2Vi6JxW_hXi5MTs5MO1DOPv,anon_6dPVGG9phjcdVt2BR8J_vQ,en,original,0.0,239.0,0.0,2.0,,2.0,True,
baseline,medium,run04,1772742638112_6312738a0cd0c,Q2Vi6JxW_hXi5MTs5MO1DOPv,anon_6dPVGG9phjcdVt2BR8J_vQ,en,original,0.0,239.0,0.0,5.0,,6.0,True,
baseline,medium,run05,1772742723571_fa4b0271ce4fb8,TvDtaJf6niDmp4Oa6yynDIyA,anon_6dPVGG9phjcdVt2BR8J_vQ,en,original,0.0,239.0,0.0,4.0,,5.0,True,
baseline,medium,run05,1772742725070_9a43b83d076aa,TvDtaJf6niDmp4Oa6yynDIyA,anon_6dPVGG9phjcdVt2BR8J_vQ,en,original,0.0,239.0,0.0,4.0,,5.0,True,
baseline,medium,run05,1772742726839_3797e2abf55a38,TvDtaJf6niDmp4Oa6yynDIyA,anon_6dPVGG9phjcdVt2BR8J_vQ,en,original,0.0,239.0,0.0,3.0,,4.0,True,
baseline,medium,run05,1772742728659_0189ccc38eab9,TvDtaJf6niDmp4Oa6yynDIyA,anon_6dPVGG9phjcdVt2BR8J_vQ,en,original,0.0,239.0,0.0,4.0,,4.0,True,
baseline,medium,run05,1772742730363_a9aead02d663a8,TvDtaJf6niDmp4Oa6yynDIyA,anon_6dPVGG9phjcdVt2BR8J_vQ,en,original,0.0,239.0,0.0,3.0,,3.0,True,
baseline,medium,run05,1772742733164_639d267431bba8,TvDtaJf6niDmp4Oa6yynDIyA,anon_6dPVGG9phjcdVt2BR8J_vQ,en,original,0.0,239.0,0.0,3.0,,3.0,True,
baseline,medium,run05,1772742735091_234c3c9d13eb68,TvDtaJf6niDmp4Oa6yynDIyA,anon_6dPVGG9phjcdVt2BR8J_vQ,en,original,0.0,239.0,0.0,3.0,,3.0,True,
baseline,medium,run05,1772742736978_b2c083ab3acf18,TvDtaJf6niDmp4Oa6yynDIyA,anon_6dPVGG9phjcdVt2BR8J_vQ,en,original,0.0,239.0,0.0,4.0,,4.0,True,
baseline,medium,run05,1772742738907_07a16034ba14f8,TvDtaJf6niDmp4Oa6yynDIyA,anon_6dPVGG9phjcdVt2BR8J_vQ,en,original,0.0,239.0,0.0,3.0,,3.0,True,
baseline,medium,run05,1772742742050_7504ebc7c66ae,TvDtaJf6niDmp4Oa6yynDIyA,anon_6dPVGG9phjcdVt2BR8J_vQ,en,original,0.0,239.0,0.0,3.0,,4.0,True,
baseline,small,run01,1772741857581_69219c49b1acd8,e_hHe6fgSKZGD2_ty73MNNPO,anon_6dPVGG9phjcdVt2BR8J_vQ,en,original,0.0,35.0,0.0,2.0,,2.0,True,
baseline,small,run01,1772741859358_699158bd8d9148,e_hHe6fgSKZGD2_ty73MNNPO,anon_6dPVGG9phjcdVt2BR8J_vQ,en,original,0.0,35.0,0.0,2.0,,2.0,True,
baseline,small,run01,1772741861578_94bde51e12f128,e_hHe6fgSKZGD2_ty73MNNPO,anon_6dPVGG9phjcdVt2BR8J_vQ,en,original,0.0,35.0,0.0,3.0,,3.0,True,
baseline,small,run01,1772741863892_604d57773beac,e_hHe6fgSKZGD2_ty73MNNPO,anon_6dPVGG9phjcdVt2BR8J_vQ,en,original,0.0,35.0,0.0,4.0,,4.0,True,
baseline,small,run01,1772741865754_e0b72de721ba2,e_hHe6fgSKZGD2_ty73MNNPO,anon_6dPVGG9phjcdVt2BR8J_vQ,en,original,0.0,35.0,0.0,3.0,,4.0,True,
baseline,small,run01,1772741868089_0cbdb1a2bfb87,e_hHe6fgSKZGD2_ty73MNNPO,anon_6dPVGG9phjcdVt2BR8J_vQ,en,original,0.0,35.0,0.0,3.0,,3.0,True,
baseline,small,run01,1772741871680_0678ad3bd96a38,e_hHe6fgSKZGD2_ty73MNNPO,anon_6dPVGG9phjcdVt2BR8J_vQ,en,original,0.0,35.0,0.0,5.0,,5.0,True,
baseline,small,run01,1772741873813_09bccde760a04,e_hHe6fgSKZGD2_ty73MNNPO,anon_6dPVGG9phjcdVt2BR8J_vQ,en,original,0.0,35.0,0.0,4.0,,4.0,True,
baseline,small,run01,1772741879460_e3c888bc193ea,e_hHe6fgSKZGD2_ty73MNNPO,anon_6dPVGG9phjcdVt2BR8J_vQ,en,original,0.0,35.0,0.0,4.0,,4.0,True,
baseline,small,run01,1772741884416_15c733657e3a1,e_hHe6fgSKZGD2_ty73MNNPO,anon_6dPVGG9phjcdVt2BR8J_vQ,en,original,0.0,35.0,0.0,5.0,,5.0,True,
baseline,small,run02,1772741972235_cb200559a316d8,sZGEeno9wlBo68H4EDtFHDeG,anon_6dPVGG9phjcdVt2BR8J_vQ,en,original,0.0,35.0,0.0,4.0,,4.0,True,
baseline,small,run02,1772741976689_a3c3d30cfb826,sZGEeno9wlBo68H4EDtFHDeG,anon_6dPVGG9phjcdVt2BR8J_vQ,en,original,0.0,35.0,0.0,4.0,,4.0,True,
baseline,small,run02,1772741978076_4ceadba67e484,sZGEeno9wlBo68H4EDtFHDeG,anon_6dPVGG9phjcdVt2BR8J_vQ,en,original,0.0,35.0,0.0,3.0,,3.0,True,
baseline,small,run02,1772741979912_61be18f7619028,sZGEeno9wlBo68H4EDtFHDeG,anon_6dPVGG9phjcdVt2BR8J_vQ,en,original,0.0,35.0,0.0,4.0,,4.0,True,
baseline,small,run02,1772741982385_2c9bd31a7532b,sZGEeno9wlBo68H4EDtFHDeG,anon_6dPVGG9phjcdVt2BR8J_vQ,en,original,0.0,35.0,0.0,6.0,,6.0,True,
baseline,small,run02,1772741984684_1f83301758e618,sZGEeno9wlBo68H4EDtFHDeG,anon_6dPVGG9phjcdVt2BR8J_vQ,en,original,0.0,35.0,0.0,4.0,,4.0,True,
baseline,small,run02,1772741986217_9071aa7843df28,sZGEeno9wlBo68H4EDtFHDeG,anon_6dPVGG9phjcdVt2BR8J_vQ,en,original,0.0,35.0,0.0,4.0,,4.0,True,
baseline,small,run02,1772741988069_d33cdd4456a42,sZGEeno9wlBo68H4EDtFHDeG,anon_6dPVGG9phjcdVt2BR8J_vQ,en,original,0.0,35.0,0.0,3.0,,4.0,True,
baseline,small,run02,1772741990500_d568796112d738,sZGEeno9wlBo68H4EDtFHDeG,anon_6dPVGG9phjcdVt2BR8J_vQ,en,original,0.0,35.0,0.0,3.0,,3.0,True,
baseline,small,run02,1772741993429_d08764a64cba2,sZGEeno9wlBo68H4EDtFHDeG,anon_6dPVGG9phjcdVt2BR8J_vQ,en,original,0.0,35.0,0.0,3.0,,3.0,True,
baseline,small,run03,1772742058311_6afc4c2399287,TTIupitzrDrKPPbNmsczhi2y,anon_6dPVGG9phjcdVt2BR8J_vQ,en,original,0.0,35.0,0.0,4.0,,4.0,True,
baseline,small,run03,1772742060107_35de46b98ae648,TTIupitzrDrKPPbNmsczhi2y,anon_6dPVGG9phjcdVt2BR8J_vQ,en,original,0.0,35.0,0.0,3.0,,4.0,True,
baseline,small,run03,1772742061529_698d4c3441a81,TTIupitzrDrKPPbNmsczhi2y,anon_6dPVGG9phjcdVt2BR8J_vQ,en,original,0.0,35.0,0.0,3.0,,3.0,True,
baseline,small,run03,1772742063332_1a85f559841c28,TTIupitzrDrKPPbNmsczhi2y,anon_6dPVGG9phjcdVt2BR8J_vQ,en,original,0.0,35.0,0.0,3.0,,4.0,True,
baseline,small,run03,1772742065182_dcefa3662e2f18,TTIupitzrDrKPPbNmsczhi2y,anon_6dPVGG9phjcdVt2BR8J_vQ,en,original,0.0,35.0,0.0,4.0,,5.0,True,
baseline,small,run03,1772742067224_d4f2072960bdc8,TTIupitzrDrKPPbNmsczhi2y,anon_6dPVGG9phjcdVt2BR8J_vQ,en,original,0.0,35.0,0.0,4.0,,4.0,True,
baseline,small,run03,1772742069288_24ccb345a8d228,TTIupitzrDrKPPbNmsczhi2y,anon_6dPVGG9phjcdVt2BR8J_vQ,en,original,0.0,35.0,0.0,3.0,,3.0,True,
baseline,small,run03,1772742071257_ac00397be15358,TTIupitzrDrKPPbNmsczhi2y,anon_6dPVGG9phjcdVt2BR8J_vQ,en,original,0.0,35.0,0.0,4.0,,4.0,True,
baseline,small,run03,1772742073912_194634d08d7668,TTIupitzrDrKPPbNmsczhi2y,anon_6dPVGG9phjcdVt2BR8J_vQ,en,original,0.0,35.0,0.0,5.0,,5.0,True,
baseline,small,run03,1772742076689_d1cb784588bc48,TTIupitzrDrKPPbNmsczhi2y,anon_6dPVGG9phjcdVt2BR8J_vQ,en,original,0.0,35.0,0.0,4.0,,4.0,True,
baseline,small,run04,1772742159090_c1a07698ccf61,nU02xRQ0pLF6piWVTxYo4WoY,anon_6dPVGG9phjcdVt2BR8J_vQ,en,original,0.0,35.0,0.0,3.0,,3.0,True,
baseline,small,run04,1772742162174_3332287574d428,nU02xRQ0pLF6piWVTxYo4WoY,anon_6dPVGG9phjcdVt2BR8J_vQ,en,original,0.0,35.0,0.0,3.0,,3.0,True,
baseline,small,run04,1772742165446_3dd80b369020e8,nU02xRQ0pLF6piWVTxYo4WoY,anon_6dPVGG9phjcdVt2BR8J_vQ,en,original,0.0,35.0,0.0,2.0,,2.0,True,
baseline,small,run04,1772742167524_4ceecc19fdd1f8,nU02xRQ0pLF6piWVTxYo4WoY,anon_6dPVGG9phjcdVt2BR8J_vQ,en,original,0.0,35.0,0.0,4.0,,4.0,True,
baseline,small,run04,1772742169764_1267bb3477b97,nU02xRQ0pLF6piWVTxYo4WoY,anon_6dPVGG9phjcdVt2BR8J_vQ,en,original,0.0,35.0,0.0,3.0,,3.0,True,
baseline,small,run04,1772742171699_37bac31c3ba908,nU02xRQ0pLF6piWVTxYo4WoY,anon_6dPVGG9phjcdVt2BR8J_vQ,en,original,0.0,35.0,0.0,7.0,,7.0,True,
baseline,small,run04,1772742173712_36e6ff22ee888,nU02xRQ0pLF6piWVTxYo4WoY,anon_6dPVGG9phjcdVt2BR8J_vQ,en,original,0.0,35.0,0.0,3.0,,3.0,True,
baseline,small,run04,1772742176252_070b23afe40f1,nU02xRQ0pLF6piWVTxYo4WoY,anon_6dPVGG9phjcdVt2BR8J_vQ,en,original,0.0,35.0,0.0,4.0,,4.0,True,
baseline,small,run04,1772742178292_de8a5f981cd0b8,nU02xRQ0pLF6piWVTxYo4WoY,anon_6dPVGG9phjcdVt2BR8J_vQ,en,original,0.0,35.0,0.0,5.0,,5.0,True,
baseline,small,run04,1772742181028_3fb0d82b1b9a68,nU02xRQ0pLF6piWVTxYo4WoY,anon_6dPVGG9phjcdVt2BR8J_vQ,en,original,0.0,35.0,0.0,5.0,,5.0,True,
baseline,small,run05,1772742236276_9d276203dfc6c,KlR2RlxCYsUuQPekORkjtmed,anon_6dPVGG9phjcdVt2BR8J_vQ,en,original,0.0,35.0,0.0,4.0,,4.0,True,
baseline,small,run05,1772742239158_11d3de189b271,KlR2RlxCYsUuQPekORkjtmed,anon_6dPVGG9phjcdVt2BR8J_vQ,en,original,0.0,35.0,0.0,4.0,,4.0,True,
baseline,small,run05,1772742240721_29eecce1b875d,KlR2RlxCYsUuQPekORkjtmed,anon_6dPVGG9phjcdVt2BR8J_vQ,en,original,0.0,35.0,0.0,3.0,,3.0,True,
baseline,small,run05,1772742242507_f1d636ed7db2f,KlR2RlxCYsUuQPekORkjtmed,anon_6dPVGG9phjcdVt2BR8J_vQ,en,original,0.0,35.0,0.0,3.0,,3.0,True,
baseline,small,run05,1772742244442_91a7040a1bc02,KlR2RlxCYsUuQPekORkjtmed,anon_6dPVGG9phjcdVt2BR8J_vQ,en,original,0.0,35.0,0.0,4.0,,4.0,True,
baseline,small,run05,1772742246323_d6f9e243bf812,KlR2RlxCYsUuQPekORkjtmed,anon_6dPVGG9phjcdVt2BR8J_vQ,en,original,0.0,35.0,0.0,2.0,,2.0,True,
baseline,small,run05,1772742248167_4d3f730a7cf698,KlR2RlxCYsUuQPekORkjtmed,anon_6dPVGG9phjcdVt2BR8J_vQ,en,original,0.0,35.0,0.0,4.0,,4.0,True,
baseline,small,run05,1772742250205_a30866020ed4b8,KlR2RlxCYsUuQPekORkjtmed,anon_6dPVGG9phjcdVt2BR8J_vQ,en,original,0.0,35.0,0.0,4.0,,4.0,True,
baseline,small,run05,1772742253102_890e910883686,KlR2RlxCYsUuQPekORkjtmed,anon_6dPVGG9phjcdVt2BR8J_vQ,en,original,0.0,35.0,0.0,3.0,,3.0,True,
baseline,small,run05,1772742255635_fff567ef2697e8,KlR2RlxCYsUuQPekORkjtmed,anon_6dPVGG9phjcdVt2BR8J_vQ,en,original,0.0,35.0,0.0,5.0,,5.0,True,
e2ee,large,run01,1772895338551_c7a30e3caccfe,DWlgeo6PoDbKiqUjKVsPj-MM,anon_fwW6XRKVm-TtKzZoH625Gg,en,original,0.0,2699.0,0.0,8.0,,8.0,True,
e2ee,large,run01,1772895340486_b6478066bb639,DWlgeo6PoDbKiqUjKVsPj-MM,anon_fwW6XRKVm-TtKzZoH625Gg,en,original,0.0,2699.0,0.0,14.0,,14.0,True,
e2ee,large,run01,1772895342429_613dd78b69c2b,DWlgeo6PoDbKiqUjKVsPj-MM,anon_fwW6XRKVm-TtKzZoH625Gg,en,original,1.0,2699.0,0.0,5.0,,5.0,True,
e2ee,large,run01,1772895344925_282c1c521e91d,DWlgeo6PoDbKiqUjKVsPj-MM,anon_fwW6XRKVm-TtKzZoH625Gg,en,original,0.0,2699.0,1.0,3.0,,4.0,True,
e2ee,large,run01,1772895347221_e120f3087ae0a,DWlgeo6PoDbKiqUjKVsPj-MM,anon_fwW6XRKVm-TtKzZoH625Gg,en,original,0.0,2699.0,0.0,6.0,,7.0,True,
e2ee,large,run01,1772895349653_21188858ee327,DWlgeo6PoDbKiqUjKVsPj-MM,anon_fwW6XRKVm-TtKzZoH625Gg,en,original,1.0,2699.0,0.0,5.0,,5.0,True,
e2ee,large,run01,1772895351573_914b2eca765de,DWlgeo6PoDbKiqUjKVsPj-MM,anon_fwW6XRKVm-TtKzZoH625Gg,en,original,1.0,2699.0,0.0,5.0,,5.0,True,
e2ee,large,run01,1772895353702_98a87beff85df8,DWlgeo6PoDbKiqUjKVsPj-MM,anon_fwW6XRKVm-TtKzZoH625Gg,en,original,0.0,2699.0,1.0,4.0,,4.0,True,
e2ee,large,run01,1772895356206_6115128b4be1a,DWlgeo6PoDbKiqUjKVsPj-MM,anon_fwW6XRKVm-TtKzZoH625Gg,en,original,0.0,2699.0,0.0,4.0,,4.0,True,
e2ee,large,run01,1772895359030_852f3773da20c,DWlgeo6PoDbKiqUjKVsPj-MM,anon_fwW6XRKVm-TtKzZoH625Gg,en,original,1.0,2699.0,0.0,4.0,,5.0,True,
e2ee,large,run02,1772895475094_c7ad562fad35e8,hVxPL558m1x7l8SDfxB-tVjr,anon_fwW6XRKVm-TtKzZoH625Gg,en,original,0.0,2699.0,0.0,6.0,,7.0,True,
e2ee,large,run02,1772895477109_81839e419ed26,hVxPL558m1x7l8SDfxB-tVjr,anon_fwW6XRKVm-TtKzZoH625Gg,en,original,1.0,2699.0,0.0,5.0,,6.0,True,
e2ee,large,run02,1772895480592_9f2fe56e6fe15,hVxPL558m1x7l8SDfxB-tVjr,anon_fwW6XRKVm-TtKzZoH625Gg,en,original,1.0,2699.0,0.0,8.0,,9.0,True,
e2ee,large,run02,1772895482252_1e8db8cba2fd6,hVxPL558m1x7l8SDfxB-tVjr,anon_fwW6XRKVm-TtKzZoH625Gg,en,original,0.0,2699.0,0.0,6.0,,6.0,True,
e2ee,large,run02,1772895484049_1ae4f4bb53ab5,hVxPL558m1x7l8SDfxB-tVjr,anon_fwW6XRKVm-TtKzZoH625Gg,en,original,0.0,2699.0,1.0,4.0,,5.0,True,
e2ee,large,run02,1772895485941_d40dc7b7e0ca9,hVxPL558m1x7l8SDfxB-tVjr,anon_fwW6XRKVm-TtKzZoH625Gg,en,original,0.0,2699.0,0.0,3.0,,4.0,True,
e2ee,large,run02,1772895488372_785dfc75361bd,hVxPL558m1x7l8SDfxB-tVjr,anon_fwW6XRKVm-TtKzZoH625Gg,en,original,0.0,2699.0,0.0,4.0,,4.0,True,
e2ee,large,run02,1772895491840_6ec2a6f6c79c68,hVxPL558m1x7l8SDfxB-tVjr,anon_fwW6XRKVm-TtKzZoH625Gg,en,original,0.0,2699.0,0.0,5.0,,5.0,True,
e2ee,large,run02,1772895493847_aa563e147f11c,hVxPL558m1x7l8SDfxB-tVjr,anon_fwW6XRKVm-TtKzZoH625Gg,en,original,1.0,2699.0,0.0,4.0,,5.0,True,
e2ee,large,run02,1772895496825_85da6f880597c8,hVxPL558m1x7l8SDfxB-tVjr,anon_fwW6XRKVm-TtKzZoH625Gg,en,original,0.0,2699.0,0.0,3.0,,4.0,True,
e2ee,large,run03,1772895554695_2d75100b0d70c8,pB7kmKYFdvC046NelLpIi2PS,anon_fwW6XRKVm-TtKzZoH625Gg,en,original,0.0,2699.0,0.0,5.0,,6.0,True,
e2ee,large,run03,1772895555993_3732c07041a3b8,pB7kmKYFdvC046NelLpIi2PS,anon_fwW6XRKVm-TtKzZoH625Gg,en,original,0.0,2699.0,1.0,4.0,,4.0,True,
e2ee,large,run03,1772895557592_02f80ea16d01b8,pB7kmKYFdvC046NelLpIi2PS,anon_fwW6XRKVm-TtKzZoH625Gg,en,original,0.0,2699.0,0.0,5.0,,6.0,True,
e2ee,large,run03,1772895559360_ce68aca3cab428,pB7kmKYFdvC046NelLpIi2PS,anon_fwW6XRKVm-TtKzZoH625Gg,en,original,1.0,2699.0,1.0,6.0,,7.0,True,
e2ee,large,run03,1772895562729_0fff6552bac8a,pB7kmKYFdvC046NelLpIi2PS,anon_fwW6XRKVm-TtKzZoH625Gg,en,original,0.0,2699.0,0.0,2.0,,2.0,True,
e2ee,large,run03,1772895564504_29dbe339ef7628,pB7kmKYFdvC046NelLpIi2PS,anon_fwW6XRKVm-TtKzZoH625Gg,en,original,0.0,2699.0,0.0,5.0,,7.0,True,
e2ee,large,run03,1772895566320_885d3b19c1e35,pB7kmKYFdvC046NelLpIi2PS,anon_fwW6XRKVm-TtKzZoH625Gg,en,original,0.0,2699.0,1.0,4.0,,5.0,True,
e2ee,large,run03,1772895568504_30eb383adda52,pB7kmKYFdvC046NelLpIi2PS,anon_fwW6XRKVm-TtKzZoH625Gg,en,original,0.0,2699.0,1.0,4.0,,5.0,True,
e2ee,large,run03,1772895572360_666e244d9c0d88,pB7kmKYFdvC046NelLpIi2PS,anon_fwW6XRKVm-TtKzZoH625Gg,en,original,1.0,2699.0,0.0,3.0,,4.0,True,
e2ee,large,run03,1772895574336_e02e995e5f3ef,pB7kmKYFdvC046NelLpIi2PS,anon_fwW6XRKVm-TtKzZoH625Gg,en,original,0.0,2699.0,0.0,4.0,,5.0,True,
e2ee,large,run04,1772895628512_6dc4284c6cf778,HJkRD1cO5I67hUPxzawdVf9-,anon_fwW6XRKVm-TtKzZoH625Gg,en,original,1.0,2699.0,1.0,6.0,,7.0,True,
e2ee,large,run04,1772895629824_6924d770d09b48,HJkRD1cO5I67hUPxzawdVf9-,anon_fwW6XRKVm-TtKzZoH625Gg,en,original,1.0,2699.0,0.0,3.0,,4.0,True,
e2ee,large,run04,1772895631334_e89d7b0c4a7f28,HJkRD1cO5I67hUPxzawdVf9-,anon_fwW6XRKVm-TtKzZoH625Gg,en,original,1.0,2699.0,0.0,5.0,,5.0,True,
e2ee,large,run04,1772895632916_50b7bda0985058,HJkRD1cO5I67hUPxzawdVf9-,anon_fwW6XRKVm-TtKzZoH625Gg,en,original,1.0,2699.0,1.0,3.0,,4.0,True,
e2ee,large,run04,1772895634897_07d92a390085e,HJkRD1cO5I67hUPxzawdVf9-,anon_fwW6XRKVm-TtKzZoH625Gg,en,original,0.0,2699.0,0.0,4.0,,5.0,True,
e2ee,large,run04,1772895636501_f81eafa03a83a,HJkRD1cO5I67hUPxzawdVf9-,anon_fwW6XRKVm-TtKzZoH625Gg,en,original,0.0,2699.0,0.0,4.0,,4.0,True,
e2ee,large,run04,1772895641385_49c84f3ef5466,HJkRD1cO5I67hUPxzawdVf9-,anon_fwW6XRKVm-TtKzZoH625Gg,en,original,0.0,2699.0,1.0,3.0,,4.0,True,
e2ee,large,run04,1772895645049_19820cb653eb8,HJkRD1cO5I67hUPxzawdVf9-,anon_fwW6XRKVm-TtKzZoH625Gg,en,original,0.0,2699.0,0.0,5.0,,6.0,True,
e2ee,large,run04,1772895647164_eab435684061f8,HJkRD1cO5I67hUPxzawdVf9-,anon_fwW6XRKVm-TtKzZoH625Gg,en,original,1.0,2699.0,0.0,7.0,,7.0,True,
e2ee,large,run04,1772895651773_c33bc28939f8c8,HJkRD1cO5I67hUPxzawdVf9-,anon_fwW6XRKVm-TtKzZoH625Gg,en,original,2.0,2699.0,0.0,5.0,,6.0,True,
e2ee,large,run05,1772895700880_198fc0d1f7ee8,wjnryFdhpzaHbEpTcF0day0q,anon_fwW6XRKVm-TtKzZoH625Gg,en,original,1.0,2699.0,0.0,5.0,,5.0,True,
e2ee,large,run05,1772895702122_9693652b6af058,wjnryFdhpzaHbEpTcF0day0q,anon_fwW6XRKVm-TtKzZoH625Gg,en,original,1.0,2699.0,1.0,5.0,,6.0,True,
e2ee,large,run05,1772895703781_bfe416a87f5f4,wjnryFdhpzaHbEpTcF0day0q,anon_fwW6XRKVm-TtKzZoH625Gg,en,original,0.0,2699.0,0.0,4.0,,5.0,True,
e2ee,large,run05,1772895705390_ba791484db8bf8,wjnryFdhpzaHbEpTcF0day0q,anon_fwW6XRKVm-TtKzZoH625Gg,en,original,1.0,2699.0,0.0,5.0,,5.0,True,
e2ee,large,run05,1772895707116_cc7ca83dfa4bd8,wjnryFdhpzaHbEpTcF0day0q,anon_fwW6XRKVm-TtKzZoH625Gg,en,original,0.0,2699.0,0.0,4.0,,5.0,True,
e2ee,large,run05,1772895709125_c33f4f6ba863b,wjnryFdhpzaHbEpTcF0day0q,anon_fwW6XRKVm-TtKzZoH625Gg,en,original,0.0,2699.0,1.0,7.0,,7.0,True,
e2ee,large,run05,1772895711365_075fef262a2e4,wjnryFdhpzaHbEpTcF0day0q,anon_fwW6XRKVm-TtKzZoH625Gg,en,original,1.0,2699.0,0.0,5.0,,6.0,True,
e2ee,large,run05,1772895713868_13283a75b18f58,wjnryFdhpzaHbEpTcF0day0q,anon_fwW6XRKVm-TtKzZoH625Gg,en,original,2.0,2699.0,0.0,6.0,,7.0,True,
e2ee,large,run05,1772895715745_0c398611b05208,wjnryFdhpzaHbEpTcF0day0q,anon_fwW6XRKVm-TtKzZoH625Gg,en,original,0.0,2699.0,0.0,4.0,,5.0,True,
e2ee,large,run05,1772895717382_0c0957484e39c8,wjnryFdhpzaHbEpTcF0day0q,anon_fwW6XRKVm-TtKzZoH625Gg,en,original,0.0,2699.0,0.0,3.0,,4.0,True,
e2ee,medium,run01,1772894493378_8c40ed7fcf38d8,wVHzAWbmSA_-HSXdEiOLZ6PB,anon_fwW6XRKVm-TtKzZoH625Gg,en,original,1.0,340.0,0.0,12.0,,12.0,True,
e2ee,medium,run01,1772894495260_614a8ddd0963,wVHzAWbmSA_-HSXdEiOLZ6PB,anon_fwW6XRKVm-TtKzZoH625Gg,en,original,0.0,340.0,1.0,5.0,,6.0,True,
e2ee,medium,run01,1772894496874_046e2115d0af6,wVHzAWbmSA_-HSXdEiOLZ6PB,anon_fwW6XRKVm-TtKzZoH625Gg,en,original,0.0,340.0,0.0,4.0,,5.0,True,
e2ee,medium,run01,1772894498623_0d83c84d8799c,wVHzAWbmSA_-HSXdEiOLZ6PB,anon_fwW6XRKVm-TtKzZoH625Gg,en,original,1.0,340.0,0.0,5.0,,5.0,True,
e2ee,medium,run01,1772894500567_4148a228eccdb,wVHzAWbmSA_-HSXdEiOLZ6PB,anon_fwW6XRKVm-TtKzZoH625Gg,en,original,0.0,340.0,0.0,4.0,,5.0,True,
e2ee,medium,run01,1772894502467_01ded018810398,wVHzAWbmSA_-HSXdEiOLZ6PB,anon_fwW6XRKVm-TtKzZoH625Gg,en,original,1.0,340.0,0.0,4.0,,4.0,True,
e2ee,medium,run01,1772894504385_87d76d767ac41,wVHzAWbmSA_-HSXdEiOLZ6PB,anon_fwW6XRKVm-TtKzZoH625Gg,en,original,0.0,340.0,0.0,4.0,,6.0,True,
e2ee,medium,run01,1772894506266_265367ad12c74,wVHzAWbmSA_-HSXdEiOLZ6PB,anon_fwW6XRKVm-TtKzZoH625Gg,en,original,0.0,340.0,0.0,3.0,,5.0,True,
e2ee,medium,run01,1772894508478_30dc758575c36,wVHzAWbmSA_-HSXdEiOLZ6PB,anon_fwW6XRKVm-TtKzZoH625Gg,en,original,1.0,340.0,0.0,5.0,,6.0,True,
e2ee,medium,run01,1772894511622_d412527dab75f8,wVHzAWbmSA_-HSXdEiOLZ6PB,anon_fwW6XRKVm-TtKzZoH625Gg,en,original,1.0,340.0,1.0,5.0,,5.0,True,
e2ee,medium,run02,1772894711055_4c41068640606,ibTf9NHNc8Q1yYhCZ2hGn-Bm,anon_fwW6XRKVm-TtKzZoH625Gg,en,original,2.0,340.0,1.0,10.0,,13.0,True,
e2ee,medium,run02,1772894713813_18b927a1b89a,ibTf9NHNc8Q1yYhCZ2hGn-Bm,anon_fwW6XRKVm-TtKzZoH625Gg,en,original,1.0,340.0,0.0,3.0,,3.0,True,
e2ee,medium,run02,1772894715773_2e58be11b5ee18,ibTf9NHNc8Q1yYhCZ2hGn-Bm,anon_fwW6XRKVm-TtKzZoH625Gg,en,original,1.0,340.0,0.0,4.0,,4.0,True,
e2ee,medium,run02,1772894718006_4e6697894011,ibTf9NHNc8Q1yYhCZ2hGn-Bm,anon_fwW6XRKVm-TtKzZoH625Gg,en,original,0.0,340.0,0.0,4.0,,4.0,True,
e2ee,medium,run02,1772894720254_ec14289e07ab08,ibTf9NHNc8Q1yYhCZ2hGn-Bm,anon_fwW6XRKVm-TtKzZoH625Gg,en,original,1.0,340.0,0.0,3.0,,3.0,True,
e2ee,medium,run02,1772894722402_59e222a00d01d8,ibTf9NHNc8Q1yYhCZ2hGn-Bm,anon_fwW6XRKVm-TtKzZoH625Gg,en,original,0.0,340.0,0.0,4.0,,5.0,True,
e2ee,medium,run02,1772894724345_60a7dc8292d34,ibTf9NHNc8Q1yYhCZ2hGn-Bm,anon_fwW6XRKVm-TtKzZoH625Gg,en,original,1.0,340.0,1.0,3.0,,5.0,True,
e2ee,medium,run02,1772894726393_56f806152caab8,ibTf9NHNc8Q1yYhCZ2hGn-Bm,anon_fwW6XRKVm-TtKzZoH625Gg,en,original,1.0,340.0,0.0,4.0,,4.0,True,
e2ee,medium,run02,1772894728650_85065c763cfaa,ibTf9NHNc8Q1yYhCZ2hGn-Bm,anon_fwW6XRKVm-TtKzZoH625Gg,en,original,1.0,340.0,0.0,3.0,,4.0,True,
e2ee,medium,run02,1772894732296_7ef7ec7a94d9f8,ibTf9NHNc8Q1yYhCZ2hGn-Bm,anon_fwW6XRKVm-TtKzZoH625Gg,en,original,1.0,342.0,0.0,1.0,,1.0,True,
e2ee,medium,run03,1772894779049_45d71276b48198,_1PCnfFco97tDPuX0QHy-0HO,anon_fwW6XRKVm-TtKzZoH625Gg,en,original,1.0,340.0,0.0,6.0,,6.0,True,
e2ee,medium,run03,1772894780438_5c338e8abc08c,_1PCnfFco97tDPuX0QHy-0HO,anon_fwW6XRKVm-TtKzZoH625Gg,en,original,1.0,340.0,0.0,4.0,,4.0,True,
e2ee,medium,run03,1772894783210_0db881246c6998,_1PCnfFco97tDPuX0QHy-0HO,anon_fwW6XRKVm-TtKzZoH625Gg,en,original,0.0,340.0,1.0,5.0,,5.0,True,
e2ee,medium,run03,1772894786891_0f40c01746c7d,_1PCnfFco97tDPuX0QHy-0HO,anon_fwW6XRKVm-TtKzZoH625Gg,en,original,0.0,340.0,0.0,4.0,,4.0,True,
e2ee,medium,run03,1772894789129_5a3d3b0561bd68,_1PCnfFco97tDPuX0QHy-0HO,anon_fwW6XRKVm-TtKzZoH625Gg,en,original,0.0,340.0,0.0,4.0,,4.0,True,
e2ee,medium,run03,1772894794051_9d0e50d9ece6e8,_1PCnfFco97tDPuX0QHy-0HO,anon_fwW6XRKVm-TtKzZoH625Gg,en,original,0.0,340.0,0.0,2.0,,3.0,True,
e2ee,medium,run03,1772894796477_3e399e22b2418,_1PCnfFco97tDPuX0QHy-0HO,anon_fwW6XRKVm-TtKzZoH625Gg,en,original,0.0,340.0,0.0,4.0,,4.0,True,
e2ee,medium,run03,1772894798937_6b345a4988c0c,_1PCnfFco97tDPuX0QHy-0HO,anon_fwW6XRKVm-TtKzZoH625Gg,en,original,0.0,340.0,0.0,3.0,,4.0,True,
e2ee,medium,run03,1772894801074_b9702c98601a38,_1PCnfFco97tDPuX0QHy-0HO,anon_fwW6XRKVm-TtKzZoH625Gg,en,original,0.0,340.0,0.0,3.0,,3.0,True,
e2ee,medium,run03,1772894803970_f2d1339618e7c,_1PCnfFco97tDPuX0QHy-0HO,anon_fwW6XRKVm-TtKzZoH625Gg,en,original,1.0,340.0,0.0,4.0,,4.0,True,
e2ee,medium,run04,1772894873242_adcc3a3204edb,b5KXEoOIL7KlI17ET0scI8A3,anon_fwW6XRKVm-TtKzZoH625Gg,en,original,0.0,340.0,1.0,9.0,,10.0,True,
e2ee,medium,run04,1772894876326_e19dab71d2166,b5KXEoOIL7KlI17ET0scI8A3,anon_fwW6XRKVm-TtKzZoH625Gg,en,original,0.0,340.0,0.0,4.0,,4.0,True,
e2ee,medium,run04,1772894877799_ab0211a3005a28,b5KXEoOIL7KlI17ET0scI8A3,anon_fwW6XRKVm-TtKzZoH625Gg,en,original,0.0,340.0,0.0,4.0,,5.0,True,
e2ee,medium,run04,1772894879611_bce659f8218d38,b5KXEoOIL7KlI17ET0scI8A3,anon_fwW6XRKVm-TtKzZoH625Gg,en,original,0.0,340.0,0.0,4.0,,4.0,True,
e2ee,medium,run04,1772894892558_cea1211f8c5c58,b5KXEoOIL7KlI17ET0scI8A3,anon_fwW6XRKVm-TtKzZoH625Gg,en,original,0.0,340.0,1.0,4.0,,4.0,True,
e2ee,medium,run04,1772894895961_106128065d2a3,b5KXEoOIL7KlI17ET0scI8A3,anon_fwW6XRKVm-TtKzZoH625Gg,en,original,0.0,340.0,0.0,4.0,,4.0,True,
e2ee,medium,run04,1772894899723_91374a65e67ee8,b5KXEoOIL7KlI17ET0scI8A3,anon_fwW6XRKVm-TtKzZoH625Gg,en,original,0.0,340.0,0.0,3.0,,3.0,True,
e2ee,medium,run04,1772894902212_7e9282cb82b65,b5KXEoOIL7KlI17ET0scI8A3,anon_fwW6XRKVm-TtKzZoH625Gg,en,original,1.0,340.0,0.0,16.0,,17.0,True,
e2ee,medium,run04,1772894905345_73fdbb1ed734,b5KXEoOIL7KlI17ET0scI8A3,anon_fwW6XRKVm-TtKzZoH625Gg,en,original,0.0,340.0,1.0,4.0,,6.0,True,
e2ee,medium,run04,1772894907946_819f0dbd484a7,b5KXEoOIL7KlI17ET0scI8A3,anon_fwW6XRKVm-TtKzZoH625Gg,en,original,0.0,340.0,0.0,4.0,,4.0,True,
e2ee,medium,run05,1772895058454_7e6e407a41b988,Rqz-RwvE9vBVLPU6coHiUVbl,anon_fwW6XRKVm-TtKzZoH625Gg,en,original,1.0,340.0,1.0,12.0,,13.0,True,
e2ee,medium,run05,1772895059767_dce3f25a91d39,Rqz-RwvE9vBVLPU6coHiUVbl,anon_fwW6XRKVm-TtKzZoH625Gg,en,original,0.0,340.0,0.0,3.0,,4.0,True,
e2ee,medium,run05,1772895061397_f6bb1d34206f58,Rqz-RwvE9vBVLPU6coHiUVbl,anon_fwW6XRKVm-TtKzZoH625Gg,en,original,0.0,340.0,1.0,5.0,,6.0,True,
e2ee,medium,run05,1772895065770_ad19dade59bd2,Rqz-RwvE9vBVLPU6coHiUVbl,anon_fwW6XRKVm-TtKzZoH625Gg,en,original,0.0,340.0,0.0,4.0,,4.0,True,
e2ee,medium,run05,1772895068999_95d4fd176c6c88,Rqz-RwvE9vBVLPU6coHiUVbl,anon_fwW6XRKVm-TtKzZoH625Gg,en,original,0.0,340.0,0.0,5.0,,5.0,True,
e2ee,medium,run05,1772895070748_5ca4f08ee01548,Rqz-RwvE9vBVLPU6coHiUVbl,anon_fwW6XRKVm-TtKzZoH625Gg,en,original,0.0,340.0,0.0,4.0,,4.0,True,
e2ee,medium,run05,1772895072680_c2ffb87c0091b8,Rqz-RwvE9vBVLPU6coHiUVbl,anon_fwW6XRKVm-TtKzZoH625Gg,en,original,0.0,340.0,0.0,4.0,,4.0,True,
e2ee,medium,run05,1772895074619_a2e05847499e18,Rqz-RwvE9vBVLPU6coHiUVbl,anon_fwW6XRKVm-TtKzZoH625Gg,en,original,0.0,340.0,0.0,4.0,,5.0,True,
e2ee,medium,run05,1772895077704_1c5d1965d9e27,Rqz-RwvE9vBVLPU6coHiUVbl,anon_fwW6XRKVm-TtKzZoH625Gg,en,original,0.0,340.0,0.0,4.0,,4.0,True,
e2ee,medium,run05,1772895080181_46e378f503423,Rqz-RwvE9vBVLPU6coHiUVbl,anon_fwW6XRKVm-TtKzZoH625Gg,en,original,0.0,340.0,0.0,3.0,,3.0,True,
e2ee,small,run01,1772744614241_410db7e8f40578,zVqvwnt4sSw0NmlkNRHG5HLs,anon_fwW6XRKVm-TtKzZoH625Gg,en,original,1.0,68.0,0.0,3.0,,4.0,True,
e2ee,small,run01,1772744615679_d884b4bd8c7878,zVqvwnt4sSw0NmlkNRHG5HLs,anon_fwW6XRKVm-TtKzZoH625Gg,en,original,0.0,68.0,1.0,4.0,,5.0,True,
e2ee,small,run01,1772744617003_2eda29b8506ef8,zVqvwnt4sSw0NmlkNRHG5HLs,anon_fwW6XRKVm-TtKzZoH625Gg,en,original,1.0,68.0,0.0,4.0,,4.0,True,
e2ee,small,run01,1772744618417_7b567d0ecb8b18,zVqvwnt4sSw0NmlkNRHG5HLs,anon_fwW6XRKVm-TtKzZoH625Gg,en,original,1.0,68.0,0.0,3.0,,3.0,True,
e2ee,small,run01,1772744620483_cf582132f4e71,zVqvwnt4sSw0NmlkNRHG5HLs,anon_fwW6XRKVm-TtKzZoH625Gg,en,original,0.0,68.0,0.0,3.0,,3.0,True,
e2ee,small,run01,1772744622274_75dbfe9e357c,zVqvwnt4sSw0NmlkNRHG5HLs,anon_fwW6XRKVm-TtKzZoH625Gg,en,original,1.0,68.0,1.0,4.0,,4.0,True,
e2ee,small,run01,1772744625571_0446c3e9fc4d68,zVqvwnt4sSw0NmlkNRHG5HLs,anon_fwW6XRKVm-TtKzZoH625Gg,en,original,0.0,68.0,0.0,4.0,,4.0,True,
e2ee,small,run01,1772744627169_8f46082ccaad2,zVqvwnt4sSw0NmlkNRHG5HLs,anon_fwW6XRKVm-TtKzZoH625Gg,en,original,1.0,68.0,0.0,5.0,,5.0,True,
e2ee,small,run01,1772744628867_bbfde278788d98,zVqvwnt4sSw0NmlkNRHG5HLs,anon_fwW6XRKVm-TtKzZoH625Gg,en,original,0.0,68.0,0.0,5.0,,6.0,True,
e2ee,small,run01,1772744631995_4f576bf75f19c,zVqvwnt4sSw0NmlkNRHG5HLs,anon_fwW6XRKVm-TtKzZoH625Gg,en,original,0.0,68.0,0.0,6.0,,7.0,True,
e2ee,small,run02,1772744676191_63db679d03d838,75EGx1TS-WjmDfmXOQHXp5ji,anon_fwW6XRKVm-TtKzZoH625Gg,en,original,1.0,68.0,2.0,8.0,,11.0,True,
e2ee,small,run02,1772744678916_61917e977d3578,75EGx1TS-WjmDfmXOQHXp5ji,anon_fwW6XRKVm-TtKzZoH625Gg,en,original,0.0,68.0,0.0,5.0,,5.0,True,
e2ee,small,run02,1772744680257_4c353afe1322e,75EGx1TS-WjmDfmXOQHXp5ji,anon_fwW6XRKVm-TtKzZoH625Gg,en,original,0.0,68.0,0.0,3.0,,4.0,True,
e2ee,small,run02,1772744681737_06e5b60f28d4c,75EGx1TS-WjmDfmXOQHXp5ji,anon_fwW6XRKVm-TtKzZoH625Gg,en,original,0.0,68.0,0.0,4.0,,4.0,True,
e2ee,small,run02,1772744683363_f430c612b001e8,75EGx1TS-WjmDfmXOQHXp5ji,anon_fwW6XRKVm-TtKzZoH625Gg,en,original,0.0,68.0,1.0,4.0,,5.0,True,
e2ee,small,run02,1772744684943_373fdcd6c4775,75EGx1TS-WjmDfmXOQHXp5ji,anon_fwW6XRKVm-TtKzZoH625Gg,en,original,0.0,68.0,0.0,3.0,,3.0,True,
e2ee,small,run02,1772744687985_82ce5f715d409,75EGx1TS-WjmDfmXOQHXp5ji,anon_fwW6XRKVm-TtKzZoH625Gg,en,original,0.0,68.0,0.0,3.0,,4.0,True,
e2ee,small,run02,1772744690150_29755b63fe2f4,75EGx1TS-WjmDfmXOQHXp5ji,anon_fwW6XRKVm-TtKzZoH625Gg,en,original,0.0,68.0,0.0,3.0,,3.0,True,
e2ee,small,run02,1772744692234_39083965f75cf,75EGx1TS-WjmDfmXOQHXp5ji,anon_fwW6XRKVm-TtKzZoH625Gg,en,original,0.0,68.0,0.0,4.0,,4.0,True,
e2ee,small,run02,1772744694442_7b60913cb057e,75EGx1TS-WjmDfmXOQHXp5ji,anon_fwW6XRKVm-TtKzZoH625Gg,en,original,1.0,68.0,0.0,3.0,,5.0,True,
e2ee,small,run03,1772744764301_8995d3d0e81ef8,i7vp8IvwCsANHXhrPHyUJcaE,anon_fwW6XRKVm-TtKzZoH625Gg,en,original,0.0,68.0,0.0,6.0,,7.0,True,
e2ee,small,run03,1772744765570_2b6a13a72677e8,i7vp8IvwCsANHXhrPHyUJcaE,anon_fwW6XRKVm-TtKzZoH625Gg,en,original,0.0,68.0,0.0,4.0,,5.0,True,
e2ee,small,run03,1772744767176_f4909c9f4f9cd,i7vp8IvwCsANHXhrPHyUJcaE,anon_fwW6XRKVm-TtKzZoH625Gg,en,original,0.0,68.0,0.0,4.0,,5.0,True,
e2ee,small,run03,1772744769175_c2de26edc9e55,i7vp8IvwCsANHXhrPHyUJcaE,anon_fwW6XRKVm-TtKzZoH625Gg,en,original,0.0,68.0,0.0,3.0,,4.0,True,
e2ee,small,run03,1772744771154_bf917ca93c3fa,i7vp8IvwCsANHXhrPHyUJcaE,anon_fwW6XRKVm-TtKzZoH625Gg,en,original,1.0,68.0,1.0,4.0,,4.0,True,
e2ee,small,run03,1772744772948_121ec97acf8ca8,i7vp8IvwCsANHXhrPHyUJcaE,anon_fwW6XRKVm-TtKzZoH625Gg,en,original,1.0,68.0,0.0,3.0,,4.0,True,
e2ee,small,run03,1772744774468_d14ccb300f9dc,i7vp8IvwCsANHXhrPHyUJcaE,anon_fwW6XRKVm-TtKzZoH625Gg,en,original,1.0,68.0,0.0,3.0,,4.0,True,
e2ee,small,run03,1772744776214_8b4873cf9926c8,i7vp8IvwCsANHXhrPHyUJcaE,anon_fwW6XRKVm-TtKzZoH625Gg,en,original,0.0,68.0,0.0,4.0,,7.0,True,
e2ee,small,run03,1772744779590_a1d7e5b60ab6f,i7vp8IvwCsANHXhrPHyUJcaE,anon_fwW6XRKVm-TtKzZoH625Gg,en,original,1.0,68.0,0.0,4.0,,5.0,True,
e2ee,small,run03,1772744782503_95c7d10c013988,i7vp8IvwCsANHXhrPHyUJcaE,anon_fwW6XRKVm-TtKzZoH625Gg,en,original,0.0,68.0,0.0,3.0,,4.0,True,
e2ee,small,run04,1772744838377_c824764364806,0qpDZi33QBt3gQu6QrPbJZJk,anon_fwW6XRKVm-TtKzZoH625Gg,en,original,0.0,68.0,1.0,5.0,,6.0,True,
e2ee,small,run04,1772744839598_6a925ba987933,0qpDZi33QBt3gQu6QrPbJZJk,anon_fwW6XRKVm-TtKzZoH625Gg,en,original,0.0,68.0,0.0,3.0,,4.0,True,
e2ee,small,run04,1772744841405_5042db6abf4908,0qpDZi33QBt3gQu6QrPbJZJk,anon_fwW6XRKVm-TtKzZoH625Gg,en,original,0.0,68.0,1.0,5.0,,8.0,True,
e2ee,small,run04,1772744843352_35a479470872d,0qpDZi33QBt3gQu6QrPbJZJk,anon_fwW6XRKVm-TtKzZoH625Gg,en,original,0.0,68.0,0.0,4.0,,4.0,True,
e2ee,small,run04,1772744845070_6523bc7a86476,0qpDZi33QBt3gQu6QrPbJZJk,anon_fwW6XRKVm-TtKzZoH625Gg,en,original,0.0,68.0,0.0,3.0,,4.0,True,
e2ee,small,run04,1772744846799_ac6e30c8cbce5,0qpDZi33QBt3gQu6QrPbJZJk,anon_fwW6XRKVm-TtKzZoH625Gg,en,original,0.0,68.0,1.0,3.0,,4.0,True,
e2ee,small,run04,1772744848589_63910450275df8,0qpDZi33QBt3gQu6QrPbJZJk,anon_fwW6XRKVm-TtKzZoH625Gg,en,original,0.0,68.0,0.0,3.0,,4.0,True,
e2ee,small,run04,1772744850381_be298b9115bc08,0qpDZi33QBt3gQu6QrPbJZJk,anon_fwW6XRKVm-TtKzZoH625Gg,en,original,0.0,68.0,1.0,3.0,,3.0,True,
e2ee,small,run04,1772744852318_63e952257d2e6,0qpDZi33QBt3gQu6QrPbJZJk,anon_fwW6XRKVm-TtKzZoH625Gg,en,original,1.0,68.0,0.0,3.0,,3.0,True,
e2ee,small,run04,1772744854358_07160af46150b8,0qpDZi33QBt3gQu6QrPbJZJk,anon_fwW6XRKVm-TtKzZoH625Gg,en,original,1.0,68.0,0.0,3.0,,4.0,True,
e2ee,small,run05,1772744902846_f40cdd2778a41,QkMLBYRrXD2HMmua2eoUL2CF,anon_fwW6XRKVm-TtKzZoH625Gg,en,original,1.0,68.0,1.0,6.0,,7.0,True,
e2ee,small,run05,1772744906198_e82002722cb088,QkMLBYRrXD2HMmua2eoUL2CF,anon_fwW6XRKVm-TtKzZoH625Gg,en,original,0.0,68.0,1.0,5.0,,7.0,True,
e2ee,small,run05,1772744908301_e07a1e6fd862c8,QkMLBYRrXD2HMmua2eoUL2CF,anon_fwW6XRKVm-TtKzZoH625Gg,en,original,1.0,68.0,0.0,4.0,,5.0,True,
e2ee,small,run05,1772744909908_6414735760f96,QkMLBYRrXD2HMmua2eoUL2CF,anon_fwW6XRKVm-TtKzZoH625Gg,en,original,0.0,68.0,0.0,5.0,,5.0,True,
e2ee,small,run05,1772744911510_b2fb20d8b0f4e8,QkMLBYRrXD2HMmua2eoUL2CF,anon_fwW6XRKVm-TtKzZoH625Gg,en,original,0.0,68.0,0.0,3.0,,3.0,True,
e2ee,small,run05,1772744913418_ef6700d2ddbb98,QkMLBYRrXD2HMmua2eoUL2CF,anon_fwW6XRKVm-TtKzZoH625Gg,en,original,1.0,68.0,1.0,4.0,,4.0,True,
e2ee,small,run05,1772744915118_cfeb12d42c299,QkMLBYRrXD2HMmua2eoUL2CF,anon_fwW6XRKVm-TtKzZoH625Gg,en,original,1.0,68.0,0.0,2.0,,2.0,True,
e2ee,small,run05,1772744916795_5710e7a230971,QkMLBYRrXD2HMmua2eoUL2CF,anon_fwW6XRKVm-TtKzZoH625Gg,en,original,1.0,68.0,0.0,1.0,,2.0,True,
e2ee,small,run05,1772744918555_4e885c88cef7a8,QkMLBYRrXD2HMmua2eoUL2CF,anon_fwW6XRKVm-TtKzZoH625Gg,en,original,0.0,68.0,0.0,3.0,,4.0,True,
e2ee,small,run05,1772744921475_bcfcc90885a7c8,QkMLBYRrXD2HMmua2eoUL2CF,anon_fwW6XRKVm-TtKzZoH625Gg,en,original,0.0,68.0,0.0,3.0,,4.0,True,
e2ee_translate,large,run01,1772897151316_1227d0f3ba7ba8,jT4eNSPGXvvfQghlD-FZDDAe,anon_kl4pCJGz6eYAry3B3JVPgg,de,translated,0.0,2699.0,2.0,8.0,939.0,950.0,True,True
e2ee_translate,large,run01,1772897153071_9fe96db7a8614,jT4eNSPGXvvfQghlD-FZDDAe,anon_kl4pCJGz6eYAry3B3JVPgg,de,translated,1.0,2699.0,0.0,4.0,901.0,905.0,True,True
e2ee_translate,large,run01,1772897154902_660aa5be50c2e8,jT4eNSPGXvvfQghlD-FZDDAe,anon_kl4pCJGz6eYAry3B3JVPgg,de,translated,0.0,2699.0,0.0,5.0,875.0,881.0,True,True
e2ee_translate,large,run01,1772897156830_0d773e34128f18,jT4eNSPGXvvfQghlD-FZDDAe,anon_kl4pCJGz6eYAry3B3JVPgg,de,translated,0.0,2699.0,1.0,5.0,873.0,878.0,True,True
e2ee_translate,large,run01,1772897159303_8883a6c953baa8,jT4eNSPGXvvfQghlD-FZDDAe,anon_kl4pCJGz6eYAry3B3JVPgg,de,translated,0.0,2699.0,0.0,4.0,878.0,883.0,True,True
e2ee_translate,large,run01,1772897161255_9ffe3bc8ecdab,jT4eNSPGXvvfQghlD-FZDDAe,anon_kl4pCJGz6eYAry3B3JVPgg,de,translated,0.0,2699.0,0.0,4.0,874.0,879.0,True,True
e2ee_translate,large,run01,1772897164304_01d92c4f3ae018,jT4eNSPGXvvfQghlD-FZDDAe,anon_kl4pCJGz6eYAry3B3JVPgg,de,translated,0.0,2699.0,0.0,4.0,870.0,875.0,True,True
e2ee_translate,large,run01,1772897166578_95ad1ce7c44cb,jT4eNSPGXvvfQghlD-FZDDAe,anon_kl4pCJGz6eYAry3B3JVPgg,de,translated,1.0,2699.0,0.0,4.0,867.0,871.0,True,True
e2ee_translate,large,run01,1772897169124_38292c3076ec08,jT4eNSPGXvvfQghlD-FZDDAe,anon_kl4pCJGz6eYAry3B3JVPgg,de,translated,1.0,2699.0,1.0,7.0,868.0,879.0,True,True
e2ee_translate,large,run01,1772897171829_fc31a5c08ff98,jT4eNSPGXvvfQghlD-FZDDAe,anon_kl4pCJGz6eYAry3B3JVPgg,de,translated,1.0,2699.0,1.0,5.0,883.0,889.0,True,True
e2ee_translate,large,run02,1772897289876_c27f9bcd70e5f,SlLms3ZAdTsTIxKVagTqV5lI,anon_kl4pCJGz6eYAry3B3JVPgg,de,translated,1.0,2699.0,1.0,5.0,920.0,925.0,True,True
e2ee_translate,large,run02,1772897291280_0e3b505cf88498,SlLms3ZAdTsTIxKVagTqV5lI,anon_kl4pCJGz6eYAry3B3JVPgg,de,translated,0.0,2699.0,0.0,6.0,883.0,888.0,True,True
e2ee_translate,large,run02,1772897293767_408946c3968d3,SlLms3ZAdTsTIxKVagTqV5lI,anon_kl4pCJGz6eYAry3B3JVPgg,de,translated,1.0,2699.0,0.0,6.0,868.0,875.0,True,True
e2ee_translate,large,run02,1772897296519_8d9eaa81a23108,SlLms3ZAdTsTIxKVagTqV5lI,anon_kl4pCJGz6eYAry3B3JVPgg,de,translated,1.0,2699.0,1.0,7.0,868.0,876.0,True,True
e2ee_translate,large,run02,1772897298301_67fc5060e995d,SlLms3ZAdTsTIxKVagTqV5lI,anon_kl4pCJGz6eYAry3B3JVPgg,de,translated,0.0,2699.0,1.0,6.0,868.0,876.0,True,True
e2ee_translate,large,run02,1772897301302_a23bf375161f48,SlLms3ZAdTsTIxKVagTqV5lI,anon_kl4pCJGz6eYAry3B3JVPgg,de,translated,0.0,2699.0,1.0,5.0,880.0,884.0,True,True
e2ee_translate,large,run02,1772897303377_335870dc59e678,SlLms3ZAdTsTIxKVagTqV5lI,anon_kl4pCJGz6eYAry3B3JVPgg,de,translated,0.0,2699.0,2.0,5.0,892.0,900.0,True,True
e2ee_translate,large,run02,1772897305425_2e29b0fb66763,SlLms3ZAdTsTIxKVagTqV5lI,anon_kl4pCJGz6eYAry3B3JVPgg,de,translated,1.0,2699.0,1.0,4.0,875.0,879.0,True,True
e2ee_translate,large,run02,1772897308195_870c4f7cd2d3b8,SlLms3ZAdTsTIxKVagTqV5lI,anon_kl4pCJGz6eYAry3B3JVPgg,de,translated,0.0,2699.0,0.0,4.0,857.0,861.0,True,True
e2ee_translate,large,run02,1772897310089_e72c97b507ca38,SlLms3ZAdTsTIxKVagTqV5lI,anon_kl4pCJGz6eYAry3B3JVPgg,de,translated,0.0,2699.0,0.0,3.0,867.0,871.0,True,True
e2ee_translate,large,run03,1772897453801_eeede246afd638,IJEPs9RJulvDbKfd2fhyuA3n,anon_kl4pCJGz6eYAry3B3JVPgg,de,translated,0.0,2699.0,0.0,5.0,947.0,954.0,True,True
e2ee_translate,large,run03,1772897456511_a5dc9720ebe248,IJEPs9RJulvDbKfd2fhyuA3n,anon_kl4pCJGz6eYAry3B3JVPgg,de,translated,1.0,2699.0,0.0,4.0,1085.0,1090.0,True,True
e2ee_translate,large,run03,1772897458484_c6b58ff222f89,IJEPs9RJulvDbKfd2fhyuA3n,anon_kl4pCJGz6eYAry3B3JVPgg,de,translated,0.0,2699.0,0.0,12.0,883.0,897.0,True,True
e2ee_translate,large,run03,1772897460283_e4f1fb2a6e03f8,IJEPs9RJulvDbKfd2fhyuA3n,anon_kl4pCJGz6eYAry3B3JVPgg,de,translated,0.0,2699.0,0.0,10.0,868.0,879.0,True,True
e2ee_translate,large,run03,1772897462253_d27b1d4aad824,IJEPs9RJulvDbKfd2fhyuA3n,anon_kl4pCJGz6eYAry3B3JVPgg,de,translated,0.0,2699.0,1.0,4.0,872.0,876.0,True,True
e2ee_translate,large,run03,1772897464276_eb44e9480bbfd8,IJEPs9RJulvDbKfd2fhyuA3n,anon_kl4pCJGz6eYAry3B3JVPgg,de,translated,0.0,2699.0,0.0,5.0,886.0,892.0,True,True
e2ee_translate,large,run03,1772897466029_59a5fd6597ea58,IJEPs9RJulvDbKfd2fhyuA3n,anon_kl4pCJGz6eYAry3B3JVPgg,de,translated,1.0,2699.0,0.0,6.0,870.0,874.0,True,True
e2ee_translate,large,run03,1772897468885_7b564d38cf8f2,IJEPs9RJulvDbKfd2fhyuA3n,anon_kl4pCJGz6eYAry3B3JVPgg,de,translated,0.0,2699.0,0.0,6.0,860.0,866.0,True,True
e2ee_translate,large,run03,1772897472012_fac3c47c70577,IJEPs9RJulvDbKfd2fhyuA3n,anon_kl4pCJGz6eYAry3B3JVPgg,de,translated,0.0,2699.0,0.0,3.0,860.0,864.0,True,True
e2ee_translate,large,run03,1772897474988_fd367a45344b68,IJEPs9RJulvDbKfd2fhyuA3n,anon_kl4pCJGz6eYAry3B3JVPgg,de,translated,0.0,2699.0,0.0,4.0,856.0,861.0,True,True
e2ee_translate,large,run04,1772897575334_1af5f0c00d0268,6_3kRZeyZLolNfhSFdbzKgsb,anon_kl4pCJGz6eYAry3B3JVPgg,de,translated,1.0,2699.0,1.0,6.0,943.0,953.0,True,True
e2ee_translate,large,run04,1772897576747_3f17d8926f8e3,6_3kRZeyZLolNfhSFdbzKgsb,anon_kl4pCJGz6eYAry3B3JVPgg,de,translated,0.0,2699.0,0.0,6.0,970.0,976.0,True,True
e2ee_translate,large,run04,1772897578420_a792bb5c17dc38,6_3kRZeyZLolNfhSFdbzKgsb,anon_kl4pCJGz6eYAry3B3JVPgg,de,translated,2.0,2699.0,1.0,3.0,883.0,888.0,True,True
e2ee_translate,large,run04,1772897580016_16c8ba6f2a90a,6_3kRZeyZLolNfhSFdbzKgsb,anon_kl4pCJGz6eYAry3B3JVPgg,de,translated,0.0,2699.0,0.0,4.0,870.0,874.0,True,True
e2ee_translate,large,run04,1772897581677_8c9155ac6eece,6_3kRZeyZLolNfhSFdbzKgsb,anon_kl4pCJGz6eYAry3B3JVPgg,de,translated,0.0,2699.0,1.0,4.0,869.0,874.0,True,True
e2ee_translate,large,run04,1772897583251_c948c0bdfc27a8,6_3kRZeyZLolNfhSFdbzKgsb,anon_kl4pCJGz6eYAry3B3JVPgg,de,translated,0.0,2699.0,0.0,3.0,885.0,889.0,True,True
e2ee_translate,large,run04,1772897584803_d8a964a26e3e48,6_3kRZeyZLolNfhSFdbzKgsb,anon_kl4pCJGz6eYAry3B3JVPgg,de,translated,0.0,2699.0,1.0,3.0,882.0,887.0,True,True
e2ee_translate,large,run04,1772897586425_d93ae3a600ef28,6_3kRZeyZLolNfhSFdbzKgsb,anon_kl4pCJGz6eYAry3B3JVPgg,de,translated,1.0,2699.0,0.0,2.0,855.0,856.0,True,True
e2ee_translate,large,run04,1772897588433_bf544c1fb192,6_3kRZeyZLolNfhSFdbzKgsb,anon_kl4pCJGz6eYAry3B3JVPgg,de,translated,0.0,2699.0,0.0,2.0,862.0,865.0,True,True
e2ee_translate,large,run04,1772897590821_650c00e473be4,6_3kRZeyZLolNfhSFdbzKgsb,anon_kl4pCJGz6eYAry3B3JVPgg,de,translated,1.0,2699.0,1.0,4.0,869.0,873.0,True,True
e2ee_translate,large,run05,1772897760881_00f008f5b0faf,2DA0ggvk-PvF4TmkbyfN-Aet,anon_kl4pCJGz6eYAry3B3JVPgg,de,translated,1.0,2699.0,1.0,8.0,922.0,931.0,True,True
e2ee_translate,large,run05,1772897762207_267cd0be67f3,2DA0ggvk-PvF4TmkbyfN-Aet,anon_kl4pCJGz6eYAry3B3JVPgg,de,translated,1.0,2699.0,0.0,4.0,887.0,892.0,True,True
e2ee_translate,large,run05,1772897763818_cb992c9a636ad,2DA0ggvk-PvF4TmkbyfN-Aet,anon_kl4pCJGz6eYAry3B3JVPgg,de,translated,0.0,2699.0,0.0,3.0,909.0,913.0,True,True
e2ee_translate,large,run05,1772897765737_0175f7a97c199,2DA0ggvk-PvF4TmkbyfN-Aet,anon_kl4pCJGz6eYAry3B3JVPgg,de,translated,0.0,2699.0,1.0,5.0,865.0,870.0,True,True
e2ee_translate,large,run05,1772897774017_1773db8f7cfd7,2DA0ggvk-PvF4TmkbyfN-Aet,anon_kl4pCJGz6eYAry3B3JVPgg,de,translated,0.0,2699.0,0.0,2.0,863.0,865.0,True,True
e2ee_translate,large,run05,1772897776128_0f83a47e1f346,2DA0ggvk-PvF4TmkbyfN-Aet,anon_kl4pCJGz6eYAry3B3JVPgg,de,translated,0.0,2699.0,0.0,10.0,909.0,919.0,True,True
e2ee_translate,large,run05,1772897777773_80994c5007ad48,2DA0ggvk-PvF4TmkbyfN-Aet,anon_kl4pCJGz6eYAry3B3JVPgg,de,translated,0.0,2699.0,0.0,6.0,873.0,880.0,True,True
e2ee_translate,large,run05,1772897779666_cdd22d147f6228,2DA0ggvk-PvF4TmkbyfN-Aet,anon_kl4pCJGz6eYAry3B3JVPgg,de,translated,0.0,2699.0,1.0,4.0,868.0,872.0,True,True
e2ee_translate,large,run05,1772897781746_a7b528888ddf5,2DA0ggvk-PvF4TmkbyfN-Aet,anon_kl4pCJGz6eYAry3B3JVPgg,de,translated,1.0,2699.0,0.0,11.0,878.0,890.0,True,True
e2ee_translate,large,run05,1772897784074_1cd179cea57ea8,2DA0ggvk-PvF4TmkbyfN-Aet,anon_kl4pCJGz6eYAry3B3JVPgg,de,translated,1.0,2699.0,0.0,3.0,879.0,882.0,True,True
e2ee_translate,medium,run01,1772896627460_aacf4344026f9,kopgLQr7klhFRdczJc-OFEIr,anon_kl4pCJGz6eYAry3B3JVPgg,de,translated,1.0,340.0,0.0,7.0,213.0,220.0,True,True
e2ee_translate,medium,run01,1772896629588_1c46b19ec060c8,kopgLQr7klhFRdczJc-OFEIr,anon_kl4pCJGz6eYAry3B3JVPgg,de,translated,0.0,340.0,0.0,4.0,201.0,205.0,True,True
e2ee_translate,medium,run01,1772896631759_56abdfeb2a665,kopgLQr7klhFRdczJc-OFEIr,anon_kl4pCJGz6eYAry3B3JVPgg,de,translated,0.0,340.0,0.0,4.0,191.0,195.0,True,True
e2ee_translate,medium,run01,1772896633955_2d3de85a2d304,kopgLQr7klhFRdczJc-OFEIr,anon_kl4pCJGz6eYAry3B3JVPgg,de,translated,0.0,340.0,0.0,4.0,203.0,206.0,True,True
e2ee_translate,medium,run01,1772896635755_9560b3a61e14f,kopgLQr7klhFRdczJc-OFEIr,anon_kl4pCJGz6eYAry3B3JVPgg,de,translated,0.0,340.0,0.0,3.0,227.0,229.0,True,True
e2ee_translate,medium,run01,1772896637552_47518eb7844d98,kopgLQr7klhFRdczJc-OFEIr,anon_kl4pCJGz6eYAry3B3JVPgg,de,translated,0.0,340.0,1.0,4.0,199.0,204.0,True,True
e2ee_translate,medium,run01,1772896639827_71722087438ea,kopgLQr7klhFRdczJc-OFEIr,anon_kl4pCJGz6eYAry3B3JVPgg,de,translated,1.0,340.0,0.0,4.0,205.0,210.0,True,True
e2ee_translate,medium,run01,1772896642874_9fcd1be4cfbb18,kopgLQr7klhFRdczJc-OFEIr,anon_kl4pCJGz6eYAry3B3JVPgg,de,translated,0.0,340.0,0.0,4.0,202.0,208.0,True,True
e2ee_translate,medium,run01,1772896646001_2621c02269e198,kopgLQr7klhFRdczJc-OFEIr,anon_kl4pCJGz6eYAry3B3JVPgg,de,translated,0.0,340.0,0.0,2.0,193.0,196.0,True,True
e2ee_translate,medium,run01,1772896648492_7ac48e52d41868,kopgLQr7klhFRdczJc-OFEIr,anon_kl4pCJGz6eYAry3B3JVPgg,de,translated,0.0,340.0,0.0,5.0,199.0,204.0,True,True
e2ee_translate,medium,run02,1772896732333_fcb8e6aca913b8,L973mQ0JPQsd6-zpW6jZKuzD,anon_kl4pCJGz6eYAry3B3JVPgg,de,translated,1.0,340.0,1.0,6.0,200.0,206.0,True,True
e2ee_translate,medium,run02,1772896734201_53543e10372938,L973mQ0JPQsd6-zpW6jZKuzD,anon_kl4pCJGz6eYAry3B3JVPgg,de,translated,1.0,340.0,1.0,7.0,204.0,213.0,True,True
e2ee_translate,medium,run02,1772896735681_2be5878f570ef8,L973mQ0JPQsd6-zpW6jZKuzD,anon_kl4pCJGz6eYAry3B3JVPgg,de,translated,0.0,340.0,0.0,3.0,224.0,227.0,True,True
e2ee_translate,medium,run02,1772896737516_15ad8b2d884b7,L973mQ0JPQsd6-zpW6jZKuzD,anon_kl4pCJGz6eYAry3B3JVPgg,de,translated,0.0,340.0,1.0,1.0,204.0,206.0,True,True
e2ee_translate,medium,run02,1772896739774_1645b6e124a458,L973mQ0JPQsd6-zpW6jZKuzD,anon_kl4pCJGz6eYAry3B3JVPgg,de,translated,0.0,340.0,0.0,5.0,205.0,210.0,True,True
e2ee_translate,medium,run02,1772896742222_64cbfc9fbd7e98,L973mQ0JPQsd6-zpW6jZKuzD,anon_kl4pCJGz6eYAry3B3JVPgg,de,translated,0.0,340.0,0.0,3.0,208.0,212.0,True,True
e2ee_translate,medium,run02,1772896744594_3fff8fb81aa95,L973mQ0JPQsd6-zpW6jZKuzD,anon_kl4pCJGz6eYAry3B3JVPgg,de,translated,0.0,340.0,0.0,3.0,201.0,204.0,True,True
e2ee_translate,medium,run02,1772896746312_3e36cd8a538cb,L973mQ0JPQsd6-zpW6jZKuzD,anon_kl4pCJGz6eYAry3B3JVPgg,de,translated,0.0,340.0,0.0,3.0,207.0,212.0,True,True
e2ee_translate,medium,run02,1772896748351_239b385b2fd8b,L973mQ0JPQsd6-zpW6jZKuzD,anon_kl4pCJGz6eYAry3B3JVPgg,de,translated,0.0,340.0,0.0,4.0,210.0,215.0,True,True
e2ee_translate,medium,run02,1772896750259_3fe0b5d1127c78,L973mQ0JPQsd6-zpW6jZKuzD,anon_kl4pCJGz6eYAry3B3JVPgg,de,translated,1.0,340.0,1.0,4.0,200.0,205.0,True,True
e2ee_translate,medium,run03,1772896822343_531cc13aaee55,nf_XrFNPUG1n3Atx3uWK-HSL,anon_kl4pCJGz6eYAry3B3JVPgg,de,translated,1.0,340.0,1.0,4.0,218.0,222.0,True,True
e2ee_translate,medium,run03,1772896823585_aee44d10d467e,nf_XrFNPUG1n3Atx3uWK-HSL,anon_kl4pCJGz6eYAry3B3JVPgg,de,translated,0.0,340.0,0.0,5.0,213.0,218.0,True,True
e2ee_translate,medium,run03,1772896825131_3ed73c6c6121d8,nf_XrFNPUG1n3Atx3uWK-HSL,anon_kl4pCJGz6eYAry3B3JVPgg,de,translated,0.0,340.0,0.0,3.0,195.0,199.0,True,True
e2ee_translate,medium,run03,1772896826853_daf2b56e5c0478,nf_XrFNPUG1n3Atx3uWK-HSL,anon_kl4pCJGz6eYAry3B3JVPgg,de,translated,0.0,340.0,0.0,6.0,208.0,214.0,True,True
e2ee_translate,medium,run03,1772896828443_3258775b183278,nf_XrFNPUG1n3Atx3uWK-HSL,anon_kl4pCJGz6eYAry3B3JVPgg,de,translated,0.0,340.0,0.0,5.0,170.0,174.0,True,True
e2ee_translate,medium,run03,1772896830155_57c8dc46d0f7f8,nf_XrFNPUG1n3Atx3uWK-HSL,anon_kl4pCJGz6eYAry3B3JVPgg,de,translated,0.0,340.0,0.0,3.0,203.0,207.0,True,True
e2ee_translate,medium,run03,1772896831850_d785a9083023a8,nf_XrFNPUG1n3Atx3uWK-HSL,anon_kl4pCJGz6eYAry3B3JVPgg,de,translated,1.0,340.0,0.0,4.0,209.0,212.0,True,True
e2ee_translate,medium,run03,1772896833699_aec9a7ebdb8138,nf_XrFNPUG1n3Atx3uWK-HSL,anon_kl4pCJGz6eYAry3B3JVPgg,de,translated,1.0,340.0,0.0,2.0,199.0,201.0,True,True
e2ee_translate,medium,run03,1772896835973_8ee2e2a0a48408,nf_XrFNPUG1n3Atx3uWK-HSL,anon_kl4pCJGz6eYAry3B3JVPgg,de,translated,0.0,340.0,0.0,5.0,203.0,209.0,True,True
e2ee_translate,medium,run03,1772896837915_3a6ed1d59e2c78,nf_XrFNPUG1n3Atx3uWK-HSL,anon_kl4pCJGz6eYAry3B3JVPgg,de,translated,0.0,340.0,0.0,8.0,201.0,209.0,True,True
e2ee_translate,medium,run04,1772896908533_d08dc03c6a50c,6i5kq4MmO4qD9sQxvq_-1JPh,anon_kl4pCJGz6eYAry3B3JVPgg,,,1.0,340.0,,,,,,
e2ee_translate,medium,run04,1772896934327_cd0a8dfcfbc8a8,6i5kq4MmO4qD9sQxvq_-1JPh,anon_kl4pCJGz6eYAry3B3JVPgg,de,translated,0.0,340.0,0.0,4.0,220.0,225.0,True,True
e2ee_translate,medium,run04,1772896935573_a3cc2400347218,6i5kq4MmO4qD9sQxvq_-1JPh,anon_kl4pCJGz6eYAry3B3JVPgg,de,translated,0.0,340.0,0.0,2.0,187.0,189.0,True,True
e2ee_translate,medium,run04,1772896937228_b6610689bf0f08,6i5kq4MmO4qD9sQxvq_-1JPh,anon_kl4pCJGz6eYAry3B3JVPgg,de,translated,1.0,340.0,0.0,4.0,200.0,203.0,True,True
e2ee_translate,medium,run04,1772896939769_09696cc62c9b68,6i5kq4MmO4qD9sQxvq_-1JPh,anon_kl4pCJGz6eYAry3B3JVPgg,de,translated,0.0,340.0,0.0,2.0,191.0,194.0,True,True
e2ee_translate,medium,run04,1772896942484_5b195b437f78c,6i5kq4MmO4qD9sQxvq_-1JPh,anon_kl4pCJGz6eYAry3B3JVPgg,de,translated,0.0,340.0,0.0,4.0,204.0,209.0,True,True
e2ee_translate,medium,run04,1772896944554_1abae9f07b40c,6i5kq4MmO4qD9sQxvq_-1JPh,anon_kl4pCJGz6eYAry3B3JVPgg,de,translated,0.0,340.0,0.0,3.0,199.0,203.0,True,True
e2ee_translate,medium,run04,1772896946851_94454e5151dda8,6i5kq4MmO4qD9sQxvq_-1JPh,anon_kl4pCJGz6eYAry3B3JVPgg,de,translated,0.0,340.0,0.0,3.0,199.0,202.0,True,True
e2ee_translate,medium,run04,1772896948970_f8484aa11b84a8,6i5kq4MmO4qD9sQxvq_-1JPh,anon_kl4pCJGz6eYAry3B3JVPgg,de,translated,1.0,340.0,0.0,5.0,201.0,207.0,True,True
e2ee_translate,medium,run04,1772896951262_b28401676a3818,6i5kq4MmO4qD9sQxvq_-1JPh,anon_kl4pCJGz6eYAry3B3JVPgg,de,translated,0.0,340.0,0.0,4.0,203.0,208.0,True,True
e2ee_translate,medium,run04,1772896956066_6fa11068a99f8,6i5kq4MmO4qD9sQxvq_-1JPh,anon_kl4pCJGz6eYAry3B3JVPgg,de,translated,0.0,340.0,0.0,4.0,215.0,220.0,True,True
e2ee_translate,medium,run05,1772897053053_f3293b25d7245,2qg6_J4cDIArli47XgjsHpXO,anon_kl4pCJGz6eYAry3B3JVPgg,de,translated,1.0,340.0,1.0,4.0,208.0,213.0,True,True
e2ee_translate,medium,run05,1772897054559_83ea6c5b7bce3,2qg6_J4cDIArli47XgjsHpXO,anon_kl4pCJGz6eYAry3B3JVPgg,de,translated,1.0,340.0,0.0,3.0,196.0,201.0,True,True
e2ee_translate,medium,run05,1772897056773_51efd568fc4788,2qg6_J4cDIArli47XgjsHpXO,anon_kl4pCJGz6eYAry3B3JVPgg,de,translated,0.0,340.0,1.0,4.0,194.0,199.0,True,True
e2ee_translate,medium,run05,1772897059690_de3ff21023dba,2qg6_J4cDIArli47XgjsHpXO,anon_kl4pCJGz6eYAry3B3JVPgg,de,translated,1.0,340.0,0.0,4.0,207.0,212.0,True,True
e2ee_translate,medium,run05,1772897061515_6b1585efb255f,2qg6_J4cDIArli47XgjsHpXO,anon_kl4pCJGz6eYAry3B3JVPgg,de,translated,1.0,340.0,0.0,6.0,214.0,219.0,True,True
e2ee_translate,medium,run05,1772897063906_35b69a365bf478,2qg6_J4cDIArli47XgjsHpXO,anon_kl4pCJGz6eYAry3B3JVPgg,de,translated,0.0,340.0,0.0,5.0,210.0,215.0,True,True
e2ee_translate,medium,run05,1772897065988_153c77e0a3f428,2qg6_J4cDIArli47XgjsHpXO,anon_kl4pCJGz6eYAry3B3JVPgg,de,translated,0.0,340.0,0.0,4.0,201.0,206.0,True,True
e2ee_translate,medium,run05,1772897068130_06b5fb5a569308,2qg6_J4cDIArli47XgjsHpXO,anon_kl4pCJGz6eYAry3B3JVPgg,de,translated,0.0,340.0,0.0,3.0,220.0,223.0,True,True
e2ee_translate,medium,run05,1772897070268_7a5afdec27b2a8,2qg6_J4cDIArli47XgjsHpXO,anon_kl4pCJGz6eYAry3B3JVPgg,de,translated,0.0,340.0,1.0,4.0,185.0,190.0,True,True
e2ee_translate,medium,run05,1772897073729_b4899bdf41a84,2qg6_J4cDIArli47XgjsHpXO,anon_kl4pCJGz6eYAry3B3JVPgg,de,translated,0.0,340.0,0.0,3.0,197.0,200.0,True,True
e2ee_translate,small,run01,1772895870274_2a50c9ad195298,9RPoU1gPoqh3FjobZuMwDjBj,anon_kl4pCJGz6eYAry3B3JVPgg,de,translated,1.0,68.0,1.0,5.0,1319.0,1327.0,True,True
e2ee_translate,small,run01,1772895871860_0a97ea2640a268,9RPoU1gPoqh3FjobZuMwDjBj,anon_kl4pCJGz6eYAry3B3JVPgg,de,translated,1.0,68.0,1.0,7.0,107.0,117.0,True,True
e2ee_translate,small,run01,1772895874945_e875e51eabbf6,9RPoU1gPoqh3FjobZuMwDjBj,anon_kl4pCJGz6eYAry3B3JVPgg,de,translated,0.0,68.0,2.0,25.0,74.0,102.0,True,True
e2ee_translate,small,run01,1772895877304_d2a8821fd92a8,9RPoU1gPoqh3FjobZuMwDjBj,anon_kl4pCJGz6eYAry3B3JVPgg,de,translated,0.0,68.0,0.0,4.0,86.0,90.0,True,True
e2ee_translate,small,run01,1772895879384_aa946d57ebeb5,9RPoU1gPoqh3FjobZuMwDjBj,anon_kl4pCJGz6eYAry3B3JVPgg,de,translated,1.0,68.0,0.0,6.0,93.0,100.0,True,True
e2ee_translate,small,run01,1772895881643_0b03e0cbc21288,9RPoU1gPoqh3FjobZuMwDjBj,anon_kl4pCJGz6eYAry3B3JVPgg,de,translated,0.0,68.0,0.0,5.0,92.0,96.0,True,True
e2ee_translate,small,run01,1772895883964_7b1c171dfb9d4,9RPoU1gPoqh3FjobZuMwDjBj,anon_kl4pCJGz6eYAry3B3JVPgg,de,translated,1.0,68.0,0.0,5.0,92.0,96.0,True,True
e2ee_translate,small,run01,1772895886516_7ec97512118ed,9RPoU1gPoqh3FjobZuMwDjBj,anon_kl4pCJGz6eYAry3B3JVPgg,de,translated,0.0,68.0,0.0,5.0,93.0,98.0,True,True
e2ee_translate,small,run01,1772895895887_7cc80af81ab37,9RPoU1gPoqh3FjobZuMwDjBj,anon_kl4pCJGz6eYAry3B3JVPgg,de,translated,0.0,68.0,0.0,5.0,107.0,112.0,True,True
e2ee_translate,small,run01,1772895899612_70d38935ec24,9RPoU1gPoqh3FjobZuMwDjBj,anon_kl4pCJGz6eYAry3B3JVPgg,de,translated,1.0,68.0,0.0,4.0,94.0,98.0,True,True
e2ee_translate,small,run02,1772895966855_d0f11b22df31,DfwWR0klIVlv1uCY0v3xU72k,anon_kl4pCJGz6eYAry3B3JVPgg,de,translated,0.0,68.0,1.0,10.0,113.0,124.0,True,True
e2ee_translate,small,run02,1772895969140_7b2b963edba258,DfwWR0klIVlv1uCY0v3xU72k,anon_kl4pCJGz6eYAry3B3JVPgg,de,translated,1.0,68.0,0.0,4.0,92.0,96.0,True,True
e2ee_translate,small,run02,1772895971023_a2ab282b7b1028,DfwWR0klIVlv1uCY0v3xU72k,anon_kl4pCJGz6eYAry3B3JVPgg,de,translated,1.0,68.0,1.0,4.0,90.0,94.0,True,True
e2ee_translate,small,run02,1772895972641_e6026d43af7e4,DfwWR0klIVlv1uCY0v3xU72k,anon_kl4pCJGz6eYAry3B3JVPgg,de,translated,0.0,68.0,0.0,4.0,97.0,102.0,True,True
e2ee_translate,small,run02,1772895974832_74a0c13044f1b8,DfwWR0klIVlv1uCY0v3xU72k,anon_kl4pCJGz6eYAry3B3JVPgg,de,translated,1.0,68.0,0.0,3.0,91.0,94.0,True,True
e2ee_translate,small,run02,1772895976848_fe20436cbb21,DfwWR0klIVlv1uCY0v3xU72k,anon_kl4pCJGz6eYAry3B3JVPgg,de,translated,1.0,68.0,0.0,5.0,91.0,96.0,True,True
e2ee_translate,small,run02,1772895978815_5e4a91fb6f87a8,DfwWR0klIVlv1uCY0v3xU72k,anon_kl4pCJGz6eYAry3B3JVPgg,de,translated,0.0,68.0,0.0,5.0,80.0,85.0,True,True
e2ee_translate,small,run02,1772895980632_391955f84b2978,DfwWR0klIVlv1uCY0v3xU72k,anon_kl4pCJGz6eYAry3B3JVPgg,de,translated,1.0,68.0,0.0,4.0,97.0,100.0,True,True
e2ee_translate,small,run02,1772895984153_4b7602ee59a638,DfwWR0klIVlv1uCY0v3xU72k,anon_kl4pCJGz6eYAry3B3JVPgg,de,translated,0.0,68.0,0.0,4.0,96.0,99.0,True,True
e2ee_translate,small,run02,1772895987525_053adaa719bc98,DfwWR0klIVlv1uCY0v3xU72k,anon_kl4pCJGz6eYAry3B3JVPgg,de,translated,0.0,68.0,0.0,4.0,93.0,98.0,True,True
e2ee_translate,small,run03,1772896050880_1f84eead5436c,ILP4pFc6MVha75rZ7s4hTKIl,anon_kl4pCJGz6eYAry3B3JVPgg,de,translated,1.0,68.0,0.0,5.0,109.0,114.0,True,True
e2ee_translate,small,run03,1772896052168_b8726768d4cb8,ILP4pFc6MVha75rZ7s4hTKIl,anon_kl4pCJGz6eYAry3B3JVPgg,de,translated,1.0,68.0,0.0,7.0,89.0,97.0,True,True
e2ee_translate,small,run03,1772896054368_d1484ad7a86638,ILP4pFc6MVha75rZ7s4hTKIl,anon_kl4pCJGz6eYAry3B3JVPgg,de,translated,0.0,68.0,0.0,10.0,94.0,105.0,True,True
e2ee_translate,small,run03,1772896056341_d12e3067c849e8,ILP4pFc6MVha75rZ7s4hTKIl,anon_kl4pCJGz6eYAry3B3JVPgg,de,translated,1.0,68.0,0.0,9.0,93.0,102.0,True,True
e2ee_translate,small,run03,1772896058910_b6925dbd0340b8,ILP4pFc6MVha75rZ7s4hTKIl,anon_kl4pCJGz6eYAry3B3JVPgg,de,translated,0.0,68.0,0.0,5.0,92.0,97.0,True,True
e2ee_translate,small,run03,1772896060927_5c619c9d1ce188,ILP4pFc6MVha75rZ7s4hTKIl,anon_kl4pCJGz6eYAry3B3JVPgg,de,translated,1.0,68.0,0.0,3.0,89.0,94.0,True,True
e2ee_translate,small,run03,1772896062942_94c1b284fa226,ILP4pFc6MVha75rZ7s4hTKIl,anon_kl4pCJGz6eYAry3B3JVPgg,de,translated,0.0,68.0,0.0,3.0,93.0,96.0,True,True
e2ee_translate,small,run03,1772896064987_1dbb2fcbadf0d8,ILP4pFc6MVha75rZ7s4hTKIl,anon_kl4pCJGz6eYAry3B3JVPgg,de,translated,0.0,68.0,1.0,3.0,100.0,104.0,True,True
e2ee_translate,small,run03,1772896067138_c8850d601c858,ILP4pFc6MVha75rZ7s4hTKIl,anon_kl4pCJGz6eYAry3B3JVPgg,de,translated,0.0,68.0,1.0,3.0,93.0,97.0,True,True
e2ee_translate,small,run03,1772896069288_bbf1d31010b1,ILP4pFc6MVha75rZ7s4hTKIl,anon_kl4pCJGz6eYAry3B3JVPgg,de,translated,0.0,68.0,1.0,7.0,91.0,99.0,True,True
e2ee_translate,small,run04,1772896138314_020c94c86811f8,ADtB3Nb1Q8bJmhCxaNW6bsRF,anon_kl4pCJGz6eYAry3B3JVPgg,de,translated,1.0,68.0,0.0,8.0,119.0,127.0,True,True
e2ee_translate,small,run04,1772896139474_a4fe54c621acb,ADtB3Nb1Q8bJmhCxaNW6bsRF,anon_kl4pCJGz6eYAry3B3JVPgg,de,translated,0.0,68.0,0.0,5.0,76.0,83.0,True,True
e2ee_translate,small,run04,1772896140956_001d3496f44bb,ADtB3Nb1Q8bJmhCxaNW6bsRF,anon_kl4pCJGz6eYAry3B3JVPgg,de,translated,1.0,68.0,0.0,5.0,92.0,97.0,True,True
e2ee_translate,small,run04,1772896142661_17ad4023026658,ADtB3Nb1Q8bJmhCxaNW6bsRF,anon_kl4pCJGz6eYAry3B3JVPgg,de,translated,0.0,68.0,0.0,6.0,91.0,98.0,True,True
e2ee_translate,small,run04,1772896144373_725c16448f925,ADtB3Nb1Q8bJmhCxaNW6bsRF,anon_kl4pCJGz6eYAry3B3JVPgg,de,translated,0.0,68.0,0.0,4.0,72.0,78.0,True,True
e2ee_translate,small,run04,1772896146400_512c18fbe2eb5,ADtB3Nb1Q8bJmhCxaNW6bsRF,anon_kl4pCJGz6eYAry3B3JVPgg,de,translated,0.0,68.0,0.0,1.0,83.0,84.0,True,True
e2ee_translate,small,run04,1772896148768_251f1800c0d4b,ADtB3Nb1Q8bJmhCxaNW6bsRF,anon_kl4pCJGz6eYAry3B3JVPgg,de,translated,1.0,68.0,0.0,3.0,92.0,96.0,True,True
e2ee_translate,small,run04,1772896150514_c1e8949454569,ADtB3Nb1Q8bJmhCxaNW6bsRF,anon_kl4pCJGz6eYAry3B3JVPgg,de,translated,0.0,68.0,0.0,4.0,91.0,95.0,True,True
e2ee_translate,small,run04,1772896152842_6a795d39a1bf58,ADtB3Nb1Q8bJmhCxaNW6bsRF,anon_kl4pCJGz6eYAry3B3JVPgg,de,translated,1.0,68.0,0.0,4.0,97.0,100.0,True,True
e2ee_translate,small,run04,1772896155169_03eeadff13566,ADtB3Nb1Q8bJmhCxaNW6bsRF,anon_kl4pCJGz6eYAry3B3JVPgg,de,translated,0.0,68.0,0.0,4.0,93.0,97.0,True,True
e2ee_translate,small,run05,1772896223652_045c2fc4911128,Lf_iY1u-4BG_L4HYT3Aml5xv,anon_kl4pCJGz6eYAry3B3JVPgg,de,translated,1.0,68.0,1.0,5.0,113.0,118.0,True,True
e2ee_translate,small,run05,1772896225323_9f139970b81ba,Lf_iY1u-4BG_L4HYT3Aml5xv,anon_kl4pCJGz6eYAry3B3JVPgg,de,translated,0.0,68.0,1.0,4.0,95.0,100.0,True,True
e2ee_translate,small,run05,1772896226999_184badad5a3e2,Lf_iY1u-4BG_L4HYT3Aml5xv,anon_kl4pCJGz6eYAry3B3JVPgg,de,translated,2.0,68.0,0.0,7.0,96.0,103.0,True,True
e2ee_translate,small,run05,1772896228725_d137b3a52926b,Lf_iY1u-4BG_L4HYT3Aml5xv,anon_kl4pCJGz6eYAry3B3JVPgg,de,translated,0.0,68.0,0.0,4.0,95.0,99.0,True,True
e2ee_translate,small,run05,1772896231189_debf4d2076df38,Lf_iY1u-4BG_L4HYT3Aml5xv,anon_kl4pCJGz6eYAry3B3JVPgg,de,translated,1.0,68.0,0.0,5.0,90.0,96.0,True,True
e2ee_translate,small,run05,1772896233942_bf30212b87ca1,Lf_iY1u-4BG_L4HYT3Aml5xv,anon_kl4pCJGz6eYAry3B3JVPgg,de,translated,0.0,68.0,0.0,3.0,96.0,100.0,True,True
e2ee_translate,small,run05,1772896235771_20991d78a8ad,Lf_iY1u-4BG_L4HYT3Aml5xv,anon_kl4pCJGz6eYAry3B3JVPgg,de,translated,0.0,68.0,0.0,2.0,87.0,89.0,True,True
e2ee_translate,small,run05,1772896237930_c6a242749678d,Lf_iY1u-4BG_L4HYT3Aml5xv,anon_kl4pCJGz6eYAry3B3JVPgg,de,translated,0.0,68.0,0.0,10.0,87.0,99.0,True,True
e2ee_translate,small,run05,1772896239719_89adc44f12ef78,Lf_iY1u-4BG_L4HYT3Aml5xv,anon_kl4pCJGz6eYAry3B3JVPgg,de,translated,0.0,68.0,0.0,5.0,75.0,80.0,True,True
e2ee_translate,small,run05,1772896242125_4d61ba65864918,Lf_iY1u-4BG_L4HYT3Aml5xv,anon_kl4pCJGz6eYAry3B3JVPgg,de,translated,0.0,68.0,1.0,4.0,93.0,98.0,True,True
