scenario,size,encrypt_ms,cipher_bytes,decrypt_ms,relay_ms,translate_ms,total_e2e_ms
baseline,large,0.0,0.0,0.0,0.43358966777357594,,0.4929503017546494
baseline,medium,0.0,0.0,0.0,0.31144823004794864,,0.37013511046643477
baseline,small,0.0,0.0,0.0,0.15811388300841894,,0.18708286933869703
e2ee,large,0.2073644135332772,0.0,0.1140175425099138,0.6016643582596529,,0.38987177379235843
e2ee,medium,0.3346640106136302,0.08944271909998491,0.07071067811865475,0.7503332592921627,,0.8467585252006621
e2ee,small,0.151657508881031,0.0,0.1140175425099138,0.254950975679639,,0.25884358211089575
e2ee_translate,large,0.10954451150103323,0.0,0.22803508501982758,0.844393273303382,7.8228511426461855,8.05127319124122
e2ee_translate,medium,0.07175486276607679,0.0,0.16431676725154984,0.36055512754639896,1.7977764043395434,1.9480759738778208
e2ee_translate,small,0.0547722557505166,0.0,0.15165750888103102,1.073312629199899,54.93717320721917,56.08704841583304
